num_genero,genero,titulo,tipo,archivo_mp3,ficha_letra,url
001,Balada_Pop_Jazz_Blues_Soul,Without Your Weight,con_letra_o_voz,01-FONOGRAMAS/Balada_Pop_Jazz_Blues_Soul/001-Without_Your_Weight.mp3,02-LETRAS/Balada_Pop_Jazz_Blues_Soul/001-Without_Your_Weight.txt,https://res.cloudinary.com/dgkruw6n7/video/upload/v1776123204/Without_Your_Weight_kvhbd6.mp3
002,Balada_Pop_Jazz_Blues_Soul,Vuelvo a Tu Puerta,con_letra_o_voz,01-FONOGRAMAS/Balada_Pop_Jazz_Blues_Soul/002-Vuelvo_a_Tu_Puerta.mp3,02-LETRAS/Balada_Pop_Jazz_Blues_Soul/002-Vuelvo_a_Tu_Puerta.txt,https://res.cloudinary.com/dgkruw6n7/video/upload/v1776123192/Vuelvo_a_Tu_Puerta_xb5wog.mp3
003,Balada_Pop_Jazz_Blues_Soul,VolaresdelParaiso,con_letra_o_voz,01-FONOGRAMAS/Balada_Pop_Jazz_Blues_Soul/003-VolaresdelParaiso.mp3,02-LETRAS/Balada_Pop_Jazz_Blues_Soul/003-VolaresdelParaiso.txt,https://res.cloudinary.com/dgkruw6n7/video/upload/v1776123178/VolaresdelParaiso_r5hlbh.mp3
004,Balada_Pop_Jazz_Blues_Soul,Victoria,con_letra_o_voz,01-FONOGRAMAS/Balada_Pop_Jazz_Blues_Soul/004-Victoria.mp3,02-LETRAS/Balada_Pop_Jazz_Blues_Soul/004-Victoria.txt,https://res.cloudinary.com/dgkruw6n7/video/upload/v1776123174/Victoria_dsh6uq.mp3
005,Balada_Pop_Jazz_Blues_Soul,Veran Tardo,con_letra_o_voz,01-FONOGRAMAS/Balada_Pop_Jazz_Blues_Soul/005-Veran_Tardo.mp3,02-LETRAS/Balada_Pop_Jazz_Blues_Soul/005-Veran_Tardo.txt,https://res.cloudinary.com/dgkruw6n7/video/upload/v1776123160/Veran_Tardo_na9tgr.mp3
006,Balada_Pop_Jazz_Blues_Soul,Ven Acá Sensual Nocturno,con_letra_o_voz,01-FONOGRAMAS/Balada_Pop_Jazz_Blues_Soul/006-Ven_Acá_Sensual_Nocturno.mp3,02-LETRAS/Balada_Pop_Jazz_Blues_Soul/006-Ven_Acá_Sensual_Nocturno.txt,https://res.cloudinary.com/dgkruw6n7/video/upload/v1776123172/Ven_Ac%C3%A1_Sensual_Nocturno_anhqik.mp3
007,Balada_Pop_Jazz_Blues_Soul,Vamos a Bailar,con_letra_o_voz,01-FONOGRAMAS/Balada_Pop_Jazz_Blues_Soul/007-Vamos_a_Bailar.mp3,02-LETRAS/Balada_Pop_Jazz_Blues_Soul/007-Vamos_a_Bailar.txt,https://res.cloudinary.com/dgkruw6n7/video/upload/v1776123158/Vamos_a_Bailar_yydha5.mp3
008,Balada_Pop_Jazz_Blues_Soul,UniversoenloSimple,con_letra_o_voz,01-FONOGRAMAS/Balada_Pop_Jazz_Blues_Soul/008-UniversoenloSimple.mp3,02-LETRAS/Balada_Pop_Jazz_Blues_Soul/008-UniversoenloSimple.txt,https://res.cloudinary.com/dgkruw6n7/video/upload/v1776123153/UniversoenloSimple_ha2iwe.mp3
009,Balada_Pop_Jazz_Blues_Soul,Tu eres mi verdad,con_letra_o_voz,01-FONOGRAMAS/Balada_Pop_Jazz_Blues_Soul/009-Tu_eres_mi_verdad.mp3,02-LETRAS/Balada_Pop_Jazz_Blues_Soul/009-Tu_eres_mi_verdad.txt,https://res.cloudinary.com/dgkruw6n7/video/upload/v1776123133/Tu_eres_mi_verdad_kyw01v.mp3
010,Balada_Pop_Jazz_Blues_Soul,TuIndecision,con_letra_o_voz,01-FONOGRAMAS/Balada_Pop_Jazz_Blues_Soul/010-TuIndecision.mp3,02-LETRAS/Balada_Pop_Jazz_Blues_Soul/010-TuIndecision.txt,https://res.cloudinary.com/dgkruw6n7/video/upload/v1776123140/TuIndecision_bjgujn.mp3
011,Balada_Pop_Jazz_Blues_Soul,Transformación,con_letra_o_voz,01-FONOGRAMAS/Balada_Pop_Jazz_Blues_Soul/011-Transformación.mp3,02-LETRAS/Balada_Pop_Jazz_Blues_Soul/011-Transformación.txt,https://res.cloudinary.com/dgkruw6n7/video/upload/v1776123130/Transformaci%C3%B3n_skakdr.mp3
012,Balada_Pop_Jazz_Blues_Soul,Tiempo Final,con_letra_o_voz,01-FONOGRAMAS/Balada_Pop_Jazz_Blues_Soul/012-Tiempo_Final.mp3,02-LETRAS/Balada_Pop_Jazz_Blues_Soul/012-Tiempo_Final.txt,https://res.cloudinary.com/dgkruw6n7/video/upload/v1776123134/Tiempo_Final_xwmlgo.mp3
013,Balada_Pop_Jazz_Blues_Soul,Te voy a amar,con_letra_o_voz,01-FONOGRAMAS/Balada_Pop_Jazz_Blues_Soul/013-Te_voy_a_amar.mp3,02-LETRAS/Balada_Pop_Jazz_Blues_Soul/013-Te_voy_a_amar.txt,https://res.cloudinary.com/dgkruw6n7/video/upload/v1776123130/Te_voy_a_amar_amdvzz.mp3
014,Balada_Pop_Jazz_Blues_Soul,Te veo Bailando,con_letra_o_voz,01-FONOGRAMAS/Balada_Pop_Jazz_Blues_Soul/014-Te_veo_Bailando.mp3,02-LETRAS/Balada_Pop_Jazz_Blues_Soul/014-Te_veo_Bailando.txt,https://res.cloudinary.com/dgkruw6n7/video/upload/v1776123095/Te_veo_Bailando_fikixk.mp3
015,Balada_Pop_Jazz_Blues_Soul,Te dejo volar,con_letra_o_voz,01-FONOGRAMAS/Balada_Pop_Jazz_Blues_Soul/015-Te_dejo_volar.mp3,02-LETRAS/Balada_Pop_Jazz_Blues_Soul/015-Te_dejo_volar.txt,https://res.cloudinary.com/dgkruw6n7/video/upload/v1776123096/Te_dejo_volar_igjp19.mp3
016,Balada_Pop_Jazz_Blues_Soul,Te dejo ser feliz,con_letra_o_voz,01-FONOGRAMAS/Balada_Pop_Jazz_Blues_Soul/016-Te_dejo_ser_feliz.mp3,02-LETRAS/Balada_Pop_Jazz_Blues_Soul/016-Te_dejo_ser_feliz.txt,https://res.cloudinary.com/dgkruw6n7/video/upload/v1776123103/Te_dejo_ser_feliz_exphrh.mp3
017,Balada_Pop_Jazz_Blues_Soul,Susurros de Medianoche,con_letra_o_voz,01-FONOGRAMAS/Balada_Pop_Jazz_Blues_Soul/017-Susurros_de_Medianoche.mp3,02-LETRAS/Balada_Pop_Jazz_Blues_Soul/017-Susurros_de_Medianoche.txt,https://res.cloudinary.com/dgkruw6n7/video/upload/v1776123103/Susurros_de_Medianoche_encmge.mp3
018,Balada_Pop_Jazz_Blues_Soul,Stay Here,con_letra_o_voz,01-FONOGRAMAS/Balada_Pop_Jazz_Blues_Soul/018-Stay_Here.mp3,02-LETRAS/Balada_Pop_Jazz_Blues_Soul/018-Stay_Here.txt,https://res.cloudinary.com/dgkruw6n7/video/upload/v1776123076/Stay_Here_dfkst2.mp3
019,Balada_Pop_Jazz_Blues_Soul,Soy tu Llama,con_letra_o_voz,01-FONOGRAMAS/Balada_Pop_Jazz_Blues_Soul/019-Soy_tu_Llama.mp3,02-LETRAS/Balada_Pop_Jazz_Blues_Soul/019-Soy_tu_Llama.txt,https://res.cloudinary.com/dgkruw6n7/video/upload/v1776123072/Soy_tu_Llama_uq5di0.mp3
020,Balada_Pop_Jazz_Blues_Soul,Soy Mía,con_letra_o_voz,01-FONOGRAMAS/Balada_Pop_Jazz_Blues_Soul/020-Soy_Mía.mp3,02-LETRAS/Balada_Pop_Jazz_Blues_Soul/020-Soy_Mía.txt,https://res.cloudinary.com/dgkruw6n7/video/upload/v1776123059/Soy_M%C3%ADa_emmtzs.mp3
021,Balada_Pop_Jazz_Blues_Soul,SolyAncla,con_letra_o_voz,01-FONOGRAMAS/Balada_Pop_Jazz_Blues_Soul/021-SolyAncla.mp3,02-LETRAS/Balada_Pop_Jazz_Blues_Soul/021-SolyAncla.txt,https://res.cloudinary.com/dgkruw6n7/video/upload/v1776123060/SolyAncla_v5auhd.mp3
022,Balada_Pop_Jazz_Blues_Soul,Siete Puertas tetrica,con_letra_o_voz,01-FONOGRAMAS/Balada_Pop_Jazz_Blues_Soul/022-Siete_Puertas_tetrica.mp3,02-LETRAS/Balada_Pop_Jazz_Blues_Soul/022-Siete_Puertas_tetrica.txt,https://res.cloudinary.com/dgkruw6n7/video/upload/v1776123045/Siete_Puertas_tetrica_otkmkl.mp3
023,Balada_Pop_Jazz_Blues_Soul,Senderos de Verdad,con_letra_o_voz,01-FONOGRAMAS/Balada_Pop_Jazz_Blues_Soul/023-Senderos_de_Verdad.mp3,02-LETRAS/Balada_Pop_Jazz_Blues_Soul/023-Senderos_de_Verdad.txt,https://res.cloudinary.com/dgkruw6n7/video/upload/v1776123060/Senderos_de_Verdad_dbzeff.mp3
024,Balada_Pop_Jazz_Blues_Soul,SenderodeLuz sinfonica,con_letra_o_voz,01-FONOGRAMAS/Balada_Pop_Jazz_Blues_Soul/024-SenderodeLuz_sinfonica.mp3,02-LETRAS/Balada_Pop_Jazz_Blues_Soul/024-SenderodeLuz_sinfonica.txt,https://res.cloudinary.com/dgkruw6n7/video/upload/v1776123080/SenderodeLuz-sinfonica_fj1yru.mp3
025,Balada_Pop_Jazz_Blues_Soul,SenderodeLuz coral,con_letra_o_voz,01-FONOGRAMAS/Balada_Pop_Jazz_Blues_Soul/025-SenderodeLuz_coral.mp3,02-LETRAS/Balada_Pop_Jazz_Blues_Soul/025-SenderodeLuz_coral.txt,https://res.cloudinary.com/dgkruw6n7/video/upload/v1776123021/SenderodeLuz-coral_eyw39a.mp3
026,Balada_Pop_Jazz_Blues_Soul,Rutas sin Final,con_letra_o_voz,01-FONOGRAMAS/Balada_Pop_Jazz_Blues_Soul/026-Rutas_sin_Final.mp3,02-LETRAS/Balada_Pop_Jazz_Blues_Soul/026-Rutas_sin_Final.txt,https://res.cloudinary.com/dgkruw6n7/video/upload/v1776123026/Rutas_sin_Final_fwbivv.mp3
027,Balada_Pop_Jazz_Blues_Soul,Risa de Mañana,con_letra_o_voz,01-FONOGRAMAS/Balada_Pop_Jazz_Blues_Soul/027-Risa_de_Mañana.mp3,02-LETRAS/Balada_Pop_Jazz_Blues_Soul/027-Risa_de_Mañana.txt,https://res.cloudinary.com/dgkruw6n7/video/upload/v1776123024/Risa_de_Ma%C3%B1ana_hoivrn.mp3
028,Balada_Pop_Jazz_Blues_Soul,Renacer,con_letra_o_voz,01-FONOGRAMAS/Balada_Pop_Jazz_Blues_Soul/028-Renacer.mp3,02-LETRAS/Balada_Pop_Jazz_Blues_Soul/028-Renacer.txt,https://res.cloudinary.com/dgkruw6n7/video/upload/v1776123020/Renacer_hmvh3n.mp3
029,Balada_Pop_Jazz_Blues_Soul,Profunda conexión,con_letra_o_voz,01-FONOGRAMAS/Balada_Pop_Jazz_Blues_Soul/029-Profunda_conexión.mp3,02-LETRAS/Balada_Pop_Jazz_Blues_Soul/029-Profunda_conexión.txt,https://res.cloudinary.com/dgkruw6n7/video/upload/v1776123003/Profunda_conexi%C3%B3n_i18mwu.mp3
030,Balada_Pop_Jazz_Blues_Soul,Portuamor,con_letra_o_voz,01-FONOGRAMAS/Balada_Pop_Jazz_Blues_Soul/030-Portuamor.mp3,02-LETRAS/Balada_Pop_Jazz_Blues_Soul/030-Portuamor.txt,https://res.cloudinary.com/dgkruw6n7/video/upload/v1776123018/Portuamor_smcu1b.mp3
031,Balada_Pop_Jazz_Blues_Soul,PeregrinajedeAmor,con_letra_o_voz,01-FONOGRAMAS/Balada_Pop_Jazz_Blues_Soul/031-PeregrinajedeAmor.mp3,02-LETRAS/Balada_Pop_Jazz_Blues_Soul/031-PeregrinajedeAmor.txt,https://res.cloudinary.com/dgkruw6n7/video/upload/v1776122991/PeregrinajedeAmor_rhwyoy.mp3
032,Balada_Pop_Jazz_Blues_Soul,PerdonyEsperanza,con_letra_o_voz,01-FONOGRAMAS/Balada_Pop_Jazz_Blues_Soul/032-PerdonyEsperanza.mp3,02-LETRAS/Balada_Pop_Jazz_Blues_Soul/032-PerdonyEsperanza.txt,https://res.cloudinary.com/dgkruw6n7/video/upload/v1776122974/PerdonyEsperanza_leluqe.mp3
033,Balada_Pop_Jazz_Blues_Soul,Perdonamemiamor,con_letra_o_voz,01-FONOGRAMAS/Balada_Pop_Jazz_Blues_Soul/033-Perdonamemiamor.mp3,02-LETRAS/Balada_Pop_Jazz_Blues_Soul/033-Perdonamemiamor.txt,https://res.cloudinary.com/dgkruw6n7/video/upload/v1776122989/Perdonamemiamor_pvr2yo.mp3
034,Balada_Pop_Jazz_Blues_Soul,Pan y Silencio,con_letra_o_voz,01-FONOGRAMAS/Balada_Pop_Jazz_Blues_Soul/034-Pan_y_Silencio.mp3,02-LETRAS/Balada_Pop_Jazz_Blues_Soul/034-Pan_y_Silencio.txt,https://res.cloudinary.com/dgkruw6n7/video/upload/v1776122970/Pan_y_Silencio_hkhrbx.mp3
035,Balada_Pop_Jazz_Blues_Soul,Pan y Raíces,con_letra_o_voz,01-FONOGRAMAS/Balada_Pop_Jazz_Blues_Soul/035-Pan_y_Raíces.mp3,02-LETRAS/Balada_Pop_Jazz_Blues_Soul/035-Pan_y_Raíces.txt,https://res.cloudinary.com/dgkruw6n7/video/upload/v1776122974/Pan_y_Ra%C3%ADces_c70eoc.mp3
036,Balada_Pop_Jazz_Blues_Soul,Nuestra conexión,con_letra_o_voz,01-FONOGRAMAS/Balada_Pop_Jazz_Blues_Soul/036-Nuestra_conexión.mp3,02-LETRAS/Balada_Pop_Jazz_Blues_Soul/036-Nuestra_conexión.txt,https://res.cloudinary.com/dgkruw6n7/video/upload/v1776122961/Nuestra_conexi%C3%B3n_fzxhw6.mp3
037,Balada_Pop_Jazz_Blues_Soul,NocheSinPromesas,con_letra_o_voz,01-FONOGRAMAS/Balada_Pop_Jazz_Blues_Soul/037-NocheSinPromesas.mp3,02-LETRAS/Balada_Pop_Jazz_Blues_Soul/037-NocheSinPromesas.txt,https://res.cloudinary.com/dgkruw6n7/video/upload/v1776122960/NocheSinPromesas_lgxevd.mp3
038,Balada_Pop_Jazz_Blues_Soul,MusadeOriente,con_letra_o_voz,01-FONOGRAMAS/Balada_Pop_Jazz_Blues_Soul/038-MusadeOriente.mp3,02-LETRAS/Balada_Pop_Jazz_Blues_Soul/038-MusadeOriente.txt,https://res.cloudinary.com/dgkruw6n7/video/upload/v1776122943/MusadeOriente_vwkntl.mp3
039,Balada_Pop_Jazz_Blues_Soul,MusadeCafe,con_letra_o_voz,01-FONOGRAMAS/Balada_Pop_Jazz_Blues_Soul/039-MusadeCafe.mp3,02-LETRAS/Balada_Pop_Jazz_Blues_Soul/039-MusadeCafe.txt,https://res.cloudinary.com/dgkruw6n7/video/upload/v1776122943/MusadeCafe_panh9l.mp3
040,Balada_Pop_Jazz_Blues_Soul,MasqueAmigos,con_letra_o_voz,01-FONOGRAMAS/Balada_Pop_Jazz_Blues_Soul/040-MasqueAmigos.mp3,02-LETRAS/Balada_Pop_Jazz_Blues_Soul/040-MasqueAmigos.txt,https://res.cloudinary.com/dgkruw6n7/video/upload/v1776122923/MasqueAmigos_hmeubi.mp3
041,Balada_Pop_Jazz_Blues_Soul,LunadePasion,con_letra_o_voz,01-FONOGRAMAS/Balada_Pop_Jazz_Blues_Soul/041-LunadePasion.mp3,02-LETRAS/Balada_Pop_Jazz_Blues_Soul/041-LunadePasion.txt,https://res.cloudinary.com/dgkruw6n7/video/upload/v1776122923/LunadePasion_ecmvpi.mp3
042,Balada_Pop_Jazz_Blues_Soul,Lo Que Sostiene,con_letra_o_voz,01-FONOGRAMAS/Balada_Pop_Jazz_Blues_Soul/042-Lo_Que_Sostiene.mp3,02-LETRAS/Balada_Pop_Jazz_Blues_Soul/042-Lo_Que_Sostiene.txt,https://res.cloudinary.com/dgkruw6n7/video/upload/v1776122910/Lo_Que_Sostiene_nix1lh.mp3
043,Balada_Pop_Jazz_Blues_Soul,La Herida Que No Se Olvida,con_letra_o_voz,01-FONOGRAMAS/Balada_Pop_Jazz_Blues_Soul/043-La_Herida_Que_No_Se_Olvida.mp3,02-LETRAS/Balada_Pop_Jazz_Blues_Soul/043-La_Herida_Que_No_Se_Olvida.txt,https://res.cloudinary.com/dgkruw6n7/video/upload/v1776122902/La_Herida_Que_No_Se_Olvida_mkdwtv.mp3
044,Balada_Pop_Jazz_Blues_Soul,Karma,con_letra_o_voz,01-FONOGRAMAS/Balada_Pop_Jazz_Blues_Soul/044-Karma.mp3,02-LETRAS/Balada_Pop_Jazz_Blues_Soul/044-Karma.txt,https://res.cloudinary.com/dgkruw6n7/video/upload/v1776122918/Karma_hapiax.mp3
045,Balada_Pop_Jazz_Blues_Soul,Jardín del Alma,con_letra_o_voz,01-FONOGRAMAS/Balada_Pop_Jazz_Blues_Soul/045-Jardín_del_Alma.mp3,02-LETRAS/Balada_Pop_Jazz_Blues_Soul/045-Jardín_del_Alma.txt,https://res.cloudinary.com/dgkruw6n7/video/upload/v1776123194/Jard%C3%ADn_del_Alma_k5fe2o.mp3
046,Balada_Pop_Jazz_Blues_Soul,Hasta que sea Tuya,con_letra_o_voz,01-FONOGRAMAS/Balada_Pop_Jazz_Blues_Soul/046-Hasta_que_sea_Tuya.mp3,02-LETRAS/Balada_Pop_Jazz_Blues_Soul/046-Hasta_que_sea_Tuya.txt,https://res.cloudinary.com/dgkruw6n7/video/upload/v1776122929/Hasta_que_sea_Tuya_s0vu6x.mp3
047,Balada_Pop_Jazz_Blues_Soul,Fuego en las Venas,con_letra_o_voz,01-FONOGRAMAS/Balada_Pop_Jazz_Blues_Soul/047-Fuego_en_las_Venas.mp3,02-LETRAS/Balada_Pop_Jazz_Blues_Soul/047-Fuego_en_las_Venas.txt,https://res.cloudinary.com/dgkruw6n7/video/upload/v1776122884/Fuego_en_las_Venas_zv7lus.mp3
048,Balada_Pop_Jazz_Blues_Soul,Fuego en las Venas v2,con_letra_o_voz,01-FONOGRAMAS/Balada_Pop_Jazz_Blues_Soul/048-Fuego_en_las_Venas_v2.mp3,02-LETRAS/Balada_Pop_Jazz_Blues_Soul/048-Fuego_en_las_Venas_v2.txt,https://res.cloudinary.com/dgkruw6n7/video/upload/v1776122890/Fuego_en_las_Venas_v2_xm4u4j.mp3
049,Balada_Pop_Jazz_Blues_Soul,Fuego en las Venas Acústico,con_letra_o_voz,01-FONOGRAMAS/Balada_Pop_Jazz_Blues_Soul/049-Fuego_en_las_Venas_Acústico.mp3,02-LETRAS/Balada_Pop_Jazz_Blues_Soul/049-Fuego_en_las_Venas_Acústico.txt,https://res.cloudinary.com/dgkruw6n7/video/upload/v1776122933/Fuego_en_las_Venas__Ac%C3%BAstico_xfmte6.mp3
050,Balada_Pop_Jazz_Blues_Soul,Fuego en la Piel,con_letra_o_voz,01-FONOGRAMAS/Balada_Pop_Jazz_Blues_Soul/050-Fuego_en_la_Piel.mp3,02-LETRAS/Balada_Pop_Jazz_Blues_Soul/050-Fuego_en_la_Piel.txt,https://res.cloudinary.com/dgkruw6n7/video/upload/v1776122845/Fuego_en_la_Piel_akrslu.mp3
051,Balada_Pop_Jazz_Blues_Soul,Fuego Entre Dos Jazz Blues Sensual,con_letra_o_voz,01-FONOGRAMAS/Balada_Pop_Jazz_Blues_Soul/051-Fuego_Entre_Dos_Jazz_Blues_Sensual.mp3,02-LETRAS/Balada_Pop_Jazz_Blues_Soul/051-Fuego_Entre_Dos_Jazz_Blues_Sensual.txt,https://res.cloudinary.com/dgkruw6n7/video/upload/v1776122868/Fuego_Entre_Dos_Jazz_Blues_Sensual_plybfn.mp3
052,Balada_Pop_Jazz_Blues_Soul,Fe En La Distancia,con_letra_o_voz,01-FONOGRAMAS/Balada_Pop_Jazz_Blues_Soul/052-Fe_En_La_Distancia.mp3,02-LETRAS/Balada_Pop_Jazz_Blues_Soul/052-Fe_En_La_Distancia.txt,https://res.cloudinary.com/dgkruw6n7/video/upload/v1776122822/Fe_En_La_Distancia_ktcvbu.mp3
053,Balada_Pop_Jazz_Blues_Soul,Faro en la Niebla,con_letra_o_voz,01-FONOGRAMAS/Balada_Pop_Jazz_Blues_Soul/053-Faro_en_la_Niebla.mp3,02-LETRAS/Balada_Pop_Jazz_Blues_Soul/053-Faro_en_la_Niebla.txt,https://res.cloudinary.com/dgkruw6n7/video/upload/v1776122870/Faro_en_la_Niebla_l6xrzz.mp3
054,Balada_Pop_Jazz_Blues_Soul,EternidadenJazz,con_letra_o_voz,01-FONOGRAMAS/Balada_Pop_Jazz_Blues_Soul/054-EternidadenJazz.mp3,02-LETRAS/Balada_Pop_Jazz_Blues_Soul/054-EternidadenJazz.txt,https://res.cloudinary.com/dgkruw6n7/video/upload/v1776122871/EternidadenJazz_hg5eiq.mp3
055,Balada_Pop_Jazz_Blues_Soul,Eternidad en Jazz,con_letra_o_voz,01-FONOGRAMAS/Balada_Pop_Jazz_Blues_Soul/055-Eternidad_en_Jazz.mp3,02-LETRAS/Balada_Pop_Jazz_Blues_Soul/055-Eternidad_en_Jazz.txt,https://res.cloudinary.com/dgkruw6n7/video/upload/v1776122865/Eternidad_en_Jazz_q2o3hk.mp3
056,Balada_Pop_Jazz_Blues_Soul,Eterna Alegría,con_letra_o_voz,01-FONOGRAMAS/Balada_Pop_Jazz_Blues_Soul/056-Eterna_Alegría.mp3,02-LETRAS/Balada_Pop_Jazz_Blues_Soul/056-Eterna_Alegría.txt,https://res.cloudinary.com/dgkruw6n7/video/upload/v1776122811/Eterna_Alegr%C3%ADa_llkqcx.mp3
057,Balada_Pop_Jazz_Blues_Soul,EternaResonancia,con_letra_o_voz,01-FONOGRAMAS/Balada_Pop_Jazz_Blues_Soul/057-EternaResonancia.mp3,02-LETRAS/Balada_Pop_Jazz_Blues_Soul/057-EternaResonancia.txt,https://res.cloudinary.com/dgkruw6n7/video/upload/v1776122847/EternaResonancia_qgizew.mp3
058,Balada_Pop_Jazz_Blues_Soul,Eres libre,con_letra_o_voz,01-FONOGRAMAS/Balada_Pop_Jazz_Blues_Soul/058-Eres_libre.mp3,02-LETRAS/Balada_Pop_Jazz_Blues_Soul/058-Eres_libre.txt,https://res.cloudinary.com/dgkruw6n7/video/upload/v1776123406/Eres_libre_p5g2s7.mp3
059,Balada_Pop_Jazz_Blues_Soul,EntreTuyYo,con_letra_o_voz,01-FONOGRAMAS/Balada_Pop_Jazz_Blues_Soul/059-EntreTuyYo.mp3,02-LETRAS/Balada_Pop_Jazz_Blues_Soul/059-EntreTuyYo.txt,https://res.cloudinary.com/dgkruw6n7/video/upload/v1776123401/EntreTuyYo_yuimqe.mp3
060,Balada_Pop_Jazz_Blues_Soul,EnigmadeAmor,con_letra_o_voz,01-FONOGRAMAS/Balada_Pop_Jazz_Blues_Soul/060-EnigmadeAmor.mp3,02-LETRAS/Balada_Pop_Jazz_Blues_Soul/060-EnigmadeAmor.txt,https://res.cloudinary.com/dgkruw6n7/video/upload/v1776123403/EnigmadeAmor_d17oud.mp3
061,Balada_Pop_Jazz_Blues_Soul,Encanto,con_letra_o_voz,01-FONOGRAMAS/Balada_Pop_Jazz_Blues_Soul/061-Encanto.mp3,02-LETRAS/Balada_Pop_Jazz_Blues_Soul/061-Encanto.txt,https://res.cloudinary.com/dgkruw6n7/video/upload/v1776123380/Encanto_jqywl5.mp3
062,Balada_Pop_Jazz_Blues_Soul,En Ti Confío,con_letra_o_voz,01-FONOGRAMAS/Balada_Pop_Jazz_Blues_Soul/062-En_Ti_Confío.mp3,02-LETRAS/Balada_Pop_Jazz_Blues_Soul/062-En_Ti_Confío.txt,https://res.cloudinary.com/dgkruw6n7/video/upload/v1776123397/En_Ti_Conf%C3%ADo_cmjozi.mp3
063,Balada_Pop_Jazz_Blues_Soul,En El Mercado,con_letra_o_voz,01-FONOGRAMAS/Balada_Pop_Jazz_Blues_Soul/063-En_El_Mercado.mp3,02-LETRAS/Balada_Pop_Jazz_Blues_Soul/063-En_El_Mercado.txt,https://res.cloudinary.com/dgkruw6n7/video/upload/v1776123384/En_El_Mercado_etct9p.mp3
064,Balada_Pop_Jazz_Blues_Soul,Empoderada,con_letra_o_voz,01-FONOGRAMAS/Balada_Pop_Jazz_Blues_Soul/064-Empoderada.mp3,02-LETRAS/Balada_Pop_Jazz_Blues_Soul/064-Empoderada.txt,https://res.cloudinary.com/dgkruw6n7/video/upload/v1776123400/Empoderada_cyd4nf.mp3
065,Balada_Pop_Jazz_Blues_Soul,ElectricDreams,con_letra_o_voz,01-FONOGRAMAS/Balada_Pop_Jazz_Blues_Soul/065-ElectricDreams.mp3,02-LETRAS/Balada_Pop_Jazz_Blues_Soul/065-ElectricDreams.txt,https://res.cloudinary.com/dgkruw6n7/video/upload/v1776123396/ElectricDreams_xpkruf.mp3
066,Balada_Pop_Jazz_Blues_Soul,ElamorFluye,con_letra_o_voz,01-FONOGRAMAS/Balada_Pop_Jazz_Blues_Soul/066-ElamorFluye.mp3,02-LETRAS/Balada_Pop_Jazz_Blues_Soul/066-ElamorFluye.txt,https://res.cloudinary.com/dgkruw6n7/video/upload/v1776123384/ElamorFluye_h609hs.mp3
067,Balada_Pop_Jazz_Blues_Soul,El Viento del Amor,con_letra_o_voz,01-FONOGRAMAS/Balada_Pop_Jazz_Blues_Soul/067-El_Viento_del_Amor.mp3,02-LETRAS/Balada_Pop_Jazz_Blues_Soul/067-El_Viento_del_Amor.txt,https://res.cloudinary.com/dgkruw6n7/video/upload/v1776123346/El_Viento_del_Amor_y6v3iw.mp3
068,Balada_Pop_Jazz_Blues_Soul,El Peso del Milagro,con_letra_o_voz,01-FONOGRAMAS/Balada_Pop_Jazz_Blues_Soul/068-El_Peso_del_Milagro.mp3,02-LETRAS/Balada_Pop_Jazz_Blues_Soul/068-El_Peso_del_Milagro.txt,https://res.cloudinary.com/dgkruw6n7/video/upload/v1776123350/El_Peso_del_Milagro_hsvmyk.mp3
069,Balada_Pop_Jazz_Blues_Soul,ElAmorylaVida,con_letra_o_voz,01-FONOGRAMAS/Balada_Pop_Jazz_Blues_Soul/069-ElAmorylaVida.mp3,02-LETRAS/Balada_Pop_Jazz_Blues_Soul/069-ElAmorylaVida.txt,https://res.cloudinary.com/dgkruw6n7/video/upload/v1776123355/ElAmorylaVida_bqsr5e.mp3
070,Balada_Pop_Jazz_Blues_Soul,Ecos de Conciencia,con_letra_o_voz,01-FONOGRAMAS/Balada_Pop_Jazz_Blues_Soul/070-Ecos_de_Conciencia.mp3,02-LETRAS/Balada_Pop_Jazz_Blues_Soul/070-Ecos_de_Conciencia.txt,https://res.cloudinary.com/dgkruw6n7/video/upload/v1776123345/Ecos_de_Conciencia_ekmuq5.mp3
071,Balada_Pop_Jazz_Blues_Soul,Destino y Razón,con_letra_o_voz,01-FONOGRAMAS/Balada_Pop_Jazz_Blues_Soul/071-Destino_y_Razón.mp3,02-LETRAS/Balada_Pop_Jazz_Blues_Soul/071-Destino_y_Razón.txt,https://res.cloudinary.com/dgkruw6n7/video/upload/v1776123318/Destino_y_Raz%C3%B3n_kmovkx.mp3
072,Balada_Pop_Jazz_Blues_Soul,DejameAmartesinFronteras trio,con_letra_o_voz,01-FONOGRAMAS/Balada_Pop_Jazz_Blues_Soul/072-DejameAmartesinFronteras_trio.mp3,02-LETRAS/Balada_Pop_Jazz_Blues_Soul/072-DejameAmartesinFronteras_trio.txt,https://res.cloudinary.com/dgkruw6n7/video/upload/v1776123353/DejameAmartesinFronteras_trio_the7eh.mp3
073,Balada_Pop_Jazz_Blues_Soul,DejameAmarteSinFronteras balada,con_letra_o_voz,01-FONOGRAMAS/Balada_Pop_Jazz_Blues_Soul/073-DejameAmarteSinFronteras_balada.mp3,02-LETRAS/Balada_Pop_Jazz_Blues_Soul/073-DejameAmarteSinFronteras_balada.txt,https://res.cloudinary.com/dgkruw6n7/video/upload/v1776123306/DejameAmarteSinFronteras_balada_hvnd2u.mp3
074,Balada_Pop_Jazz_Blues_Soul,Contra todo pronostico,con_letra_o_voz,01-FONOGRAMAS/Balada_Pop_Jazz_Blues_Soul/074-Contra_todo_pronostico.mp3,02-LETRAS/Balada_Pop_Jazz_Blues_Soul/074-Contra_todo_pronostico.txt,https://res.cloudinary.com/dgkruw6n7/video/upload/v1776123338/Contra_todo_pronostico_f6g6tx.mp3
075,Balada_Pop_Jazz_Blues_Soul,Contra toda logica,con_letra_o_voz,01-FONOGRAMAS/Balada_Pop_Jazz_Blues_Soul/075-Contra_toda_logica.mp3,02-LETRAS/Balada_Pop_Jazz_Blues_Soul/075-Contra_toda_logica.txt,https://res.cloudinary.com/dgkruw6n7/video/upload/v1776123319/Contra_toda_logica_rhv3mx.mp3
076,Balada_Pop_Jazz_Blues_Soul,Caminos diferentes,con_letra_o_voz,01-FONOGRAMAS/Balada_Pop_Jazz_Blues_Soul/076-Caminos_diferentes.mp3,02-LETRAS/Balada_Pop_Jazz_Blues_Soul/076-Caminos_diferentes.txt,https://res.cloudinary.com/dgkruw6n7/video/upload/v1776123290/Caminos_diferentes_oqkmd0.mp3
077,Balada_Pop_Jazz_Blues_Soul,Caminos Abiertos,con_letra_o_voz,01-FONOGRAMAS/Balada_Pop_Jazz_Blues_Soul/077-Caminos_Abiertos.mp3,02-LETRAS/Balada_Pop_Jazz_Blues_Soul/077-Caminos_Abiertos.txt,https://res.cloudinary.com/dgkruw6n7/video/upload/v1776123307/Caminos_Abiertos_hdeavw.mp3
078,Balada_Pop_Jazz_Blues_Soul,BellezaNatural,con_letra_o_voz,01-FONOGRAMAS/Balada_Pop_Jazz_Blues_Soul/078-BellezaNatural.mp3,02-LETRAS/Balada_Pop_Jazz_Blues_Soul/078-BellezaNatural.txt,https://res.cloudinary.com/dgkruw6n7/video/upload/v1776123277/BellezaNatural_hkt4de.mp3
079,Balada_Pop_Jazz_Blues_Soul,BellaExistencia,con_letra_o_voz,01-FONOGRAMAS/Balada_Pop_Jazz_Blues_Soul/079-BellaExistencia.mp3,02-LETRAS/Balada_Pop_Jazz_Blues_Soul/079-BellaExistencia.txt,https://res.cloudinary.com/dgkruw6n7/video/upload/v1776123271/BellaExistencia_f4hgv7.mp3
080,Balada_Pop_Jazz_Blues_Soul,Bajo El Sol,con_letra_o_voz,01-FONOGRAMAS/Balada_Pop_Jazz_Blues_Soul/080-Bajo_El_Sol.mp3,02-LETRAS/Balada_Pop_Jazz_Blues_Soul/080-Bajo_El_Sol.txt,https://res.cloudinary.com/dgkruw6n7/video/upload/v1776123278/Bajo_El_Sol_kes3qn.mp3
081,Balada_Pop_Jazz_Blues_Soul,Bailando,con_letra_o_voz,01-FONOGRAMAS/Balada_Pop_Jazz_Blues_Soul/081-Bailando.mp3,02-LETRAS/Balada_Pop_Jazz_Blues_Soul/081-Bailando.txt,https://res.cloudinary.com/dgkruw6n7/video/upload/v1776123249/Bailando_yjuzdm.mp3
082,Balada_Pop_Jazz_Blues_Soul,BailamosenlaLuna,con_letra_o_voz,01-FONOGRAMAS/Balada_Pop_Jazz_Blues_Soul/082-BailamosenlaLuna.mp3,02-LETRAS/Balada_Pop_Jazz_Blues_Soul/082-BailamosenlaLuna.txt,https://res.cloudinary.com/dgkruw6n7/video/upload/v1776123254/BailamosenlaLuna_ca16ru.mp3
083,Balada_Pop_Jazz_Blues_Soul,Aventuraeneldesierto,con_letra_o_voz,01-FONOGRAMAS/Balada_Pop_Jazz_Blues_Soul/083-Aventuraeneldesierto.mp3,02-LETRAS/Balada_Pop_Jazz_Blues_Soul/083-Aventuraeneldesierto.txt,https://res.cloudinary.com/dgkruw6n7/video/upload/v1776123277/Aventuraeneldesierto_zeap8e.mp3
084,Balada_Pop_Jazz_Blues_Soul,Ancla en el Viento,con_letra_o_voz,01-FONOGRAMAS/Balada_Pop_Jazz_Blues_Soul/084-Ancla_en_el_Viento.mp3,02-LETRAS/Balada_Pop_Jazz_Blues_Soul/084-Ancla_en_el_Viento.txt,https://res.cloudinary.com/dgkruw6n7/video/upload/v1776123261/Ancla_en_el_Viento_ps62ci.mp3
085,Balada_Pop_Jazz_Blues_Soul,AmordeOriente,con_letra_o_voz,01-FONOGRAMAS/Balada_Pop_Jazz_Blues_Soul/085-AmordeOriente.mp3,02-LETRAS/Balada_Pop_Jazz_Blues_Soul/085-AmordeOriente.txt,https://res.cloudinary.com/dgkruw6n7/video/upload/v1776123225/AmordeOriente_zpwr1o.mp3
086,Balada_Pop_Jazz_Blues_Soul,AmordeCircuitos,con_letra_o_voz,01-FONOGRAMAS/Balada_Pop_Jazz_Blues_Soul/086-AmordeCircuitos.mp3,02-LETRAS/Balada_Pop_Jazz_Blues_Soul/086-AmordeCircuitos.txt,https://res.cloudinary.com/dgkruw6n7/video/upload/v1776123224/AmordeCircuitos_sgq0q8.mp3
087,Balada_Pop_Jazz_Blues_Soul,Amor en la Noche versión intenso y sensual,con_letra_o_voz,01-FONOGRAMAS/Balada_Pop_Jazz_Blues_Soul/087-Amor_en_la_Noche_versión_intenso_y_sensual.mp3,02-LETRAS/Balada_Pop_Jazz_Blues_Soul/087-Amor_en_la_Noche_versión_intenso_y_sensual.txt,https://res.cloudinary.com/dgkruw6n7/video/upload/v1776123220/Amor_en_la_Noche_versi%C3%B3n_intenso_y_sensual_knwegx.mp3
088,Balada_Pop_Jazz_Blues_Soul,Amor en la Noche,con_letra_o_voz,01-FONOGRAMAS/Balada_Pop_Jazz_Blues_Soul/088-Amor_en_la_Noche.mp3,02-LETRAS/Balada_Pop_Jazz_Blues_Soul/088-Amor_en_la_Noche.txt,https://res.cloudinary.com/dgkruw6n7/video/upload/v1776123278/Amor_en_la_Noche_aavs2b.mp3
089,Balada_Pop_Jazz_Blues_Soul,AmorSorpresivo,con_letra_o_voz,01-FONOGRAMAS/Balada_Pop_Jazz_Blues_Soul/089-AmorSorpresivo.mp3,02-LETRAS/Balada_Pop_Jazz_Blues_Soul/089-AmorSorpresivo.txt,https://res.cloudinary.com/dgkruw6n7/video/upload/v1776123245/AmorSorpresivo_ajtwur.mp3
090,Balada_Pop_Jazz_Blues_Soul,AmorAlcanzado,con_letra_o_voz,01-FONOGRAMAS/Balada_Pop_Jazz_Blues_Soul/090-AmorAlcanzado.mp3,02-LETRAS/Balada_Pop_Jazz_Blues_Soul/090-AmorAlcanzado.txt,https://res.cloudinary.com/dgkruw6n7/video/upload/v1776123224/AmorAlcanzado_bz1owq.mp3
091,Balada_Pop_Jazz_Blues_Soul,AlEncontarte,con_letra_o_voz,01-FONOGRAMAS/Balada_Pop_Jazz_Blues_Soul/091-AlEncontarte.mp3,02-LETRAS/Balada_Pop_Jazz_Blues_Soul/091-AlEncontarte.txt,https://res.cloudinary.com/dgkruw6n7/video/upload/v1776123197/AlEncontarte_upzhck.mp3
092,Balada_Pop_Jazz_Blues_Soul,Adiós,con_letra_o_voz,01-FONOGRAMAS/Balada_Pop_Jazz_Blues_Soul/092-Adiós.mp3,02-LETRAS/Balada_Pop_Jazz_Blues_Soul/092-Adiós.txt,https://res.cloudinary.com/dgkruw6n7/video/upload/v1776123218/Adi%C3%B3s-mastered_t01wm8.mp3
093,Balada_Pop_Jazz_Blues_Soul,Abrazo en la Luna,con_letra_o_voz,01-FONOGRAMAS/Balada_Pop_Jazz_Blues_Soul/093-Abrazo_en_la_Luna.mp3,02-LETRAS/Balada_Pop_Jazz_Blues_Soul/093-Abrazo_en_la_Luna.txt,https://res.cloudinary.com/dgkruw6n7/video/upload/v1776123204/Abrazo_en_la_Luna_ixxhlg.mp3
001,Instrumentales_con_Frecuencia,Alborada Espectral,instrumental,01-FONOGRAMAS/Instrumentales_con_Frecuencia/001-Alborada_Espectral.mp3,02-LETRAS/Instrumentales_con_Frecuencia/001-Alborada_Espectral.txt,https://res.cloudinary.com/dgkruw6n7/video/upload/v1776124960/Alborada_Espectral_oi73gs.mp3
002,Instrumentales_con_Frecuencia,Alba del Espiritu,instrumental,01-FONOGRAMAS/Instrumentales_con_Frecuencia/002-Alba_del_Espiritu.mp3,02-LETRAS/Instrumentales_con_Frecuencia/002-Alba_del_Espiritu.txt,https://res.cloudinary.com/dgkruw6n7/video/upload/v1776124958/Alba_del_Espiritu_wlgbx4.mp3
003,Instrumentales_con_Frecuencia,AdrenalineInfinity,instrumental,01-FONOGRAMAS/Instrumentales_con_Frecuencia/003-AdrenalineInfinity.mp3,02-LETRAS/Instrumentales_con_Frecuencia/003-AdrenalineInfinity.txt,https://res.cloudinary.com/dgkruw6n7/video/upload/v1776124953/AdrenalineInfinity_oyu4xz.mp3
004,Instrumentales_con_Frecuencia,Virelai,instrumental,01-FONOGRAMAS/Instrumentales_con_Frecuencia/004-Virelai.mp3,02-LETRAS/Instrumentales_con_Frecuencia/004-Virelai.txt,https://res.cloudinary.com/dgkruw6n7/video/upload/v1776124950/Virelai_rplyzg.mp3
005,Instrumentales_con_Frecuencia,Voyage Nigth,instrumental,01-FONOGRAMAS/Instrumentales_con_Frecuencia/005-Voyage_Nigth.mp3,02-LETRAS/Instrumentales_con_Frecuencia/005-Voyage_Nigth.txt,https://res.cloudinary.com/dgkruw6n7/video/upload/v1776124948/Voyage_Nigth_qhsoyj.mp3
006,Instrumentales_con_Frecuencia,VientodeOtono,instrumental,01-FONOGRAMAS/Instrumentales_con_Frecuencia/006-VientodeOtono.mp3,02-LETRAS/Instrumentales_con_Frecuencia/006-VientodeOtono.txt,https://res.cloudinary.com/dgkruw6n7/video/upload/v1776124944/VientodeOtono_aq4igw.mp3
007,Instrumentales_con_Frecuencia,Voyage,instrumental,01-FONOGRAMAS/Instrumentales_con_Frecuencia/007-Voyage.mp3,02-LETRAS/Instrumentales_con_Frecuencia/007-Voyage.txt,https://res.cloudinary.com/dgkruw6n7/video/upload/v1776124942/Voyage_xwauka.mp3
008,Instrumentales_con_Frecuencia,Vivid Voyage,instrumental,01-FONOGRAMAS/Instrumentales_con_Frecuencia/008-Vivid_Voyage.mp3,02-LETRAS/Instrumentales_con_Frecuencia/008-Vivid_Voyage.txt,https://res.cloudinary.com/dgkruw6n7/video/upload/v1776124937/Vivid_Voyage_ywbbdb.mp3
009,Instrumentales_con_Frecuencia,Viaje Matutino,instrumental,01-FONOGRAMAS/Instrumentales_con_Frecuencia/009-Viaje_Matutino.mp3,02-LETRAS/Instrumentales_con_Frecuencia/009-Viaje_Matutino.txt,https://res.cloudinary.com/dgkruw6n7/video/upload/v1776124925/Viaje_Matutino_mfybzt.mp3
010,Instrumentales_con_Frecuencia,Velo de Eternidad,instrumental,01-FONOGRAMAS/Instrumentales_con_Frecuencia/010-Velo_de_Eternidad.mp3,02-LETRAS/Instrumentales_con_Frecuencia/010-Velo_de_Eternidad.txt,https://res.cloudinary.com/dgkruw6n7/video/upload/v1776124912/Velo_de_Eternidad_qgvwjs.mp3
011,Instrumentales_con_Frecuencia,Viento de los Planos,instrumental,01-FONOGRAMAS/Instrumentales_con_Frecuencia/011-Viento_de_los_Planos.mp3,02-LETRAS/Instrumentales_con_Frecuencia/011-Viento_de_los_Planos.txt,https://res.cloudinary.com/dgkruw6n7/video/upload/v1776124912/Viento_de_los_Planos_mpzwmv.mp3
012,Instrumentales_con_Frecuencia,Veritatis,instrumental,01-FONOGRAMAS/Instrumentales_con_Frecuencia/012-Veritatis.mp3,02-LETRAS/Instrumentales_con_Frecuencia/012-Veritatis.txt,https://res.cloudinary.com/dgkruw6n7/video/upload/v1776124901/Veritatis_ysu2rq.mp3
013,Instrumentales_con_Frecuencia,VeilsofDesire,instrumental,01-FONOGRAMAS/Instrumentales_con_Frecuencia/013-VeilsofDesire.mp3,02-LETRAS/Instrumentales_con_Frecuencia/013-VeilsofDesire.txt,https://res.cloudinary.com/dgkruw6n7/video/upload/v1776124899/VeilsofDesire_zjp2ci.mp3
014,Instrumentales_con_Frecuencia,Universal Live Jazz Ballad,instrumental,01-FONOGRAMAS/Instrumentales_con_Frecuencia/014-Universal_Live_Jazz_Ballad.mp3,02-LETRAS/Instrumentales_con_Frecuencia/014-Universal_Live_Jazz_Ballad.txt,https://res.cloudinary.com/dgkruw6n7/video/upload/v1776124886/Universal_Live_Jazz_Ballad_ovku4x.mp3
015,Instrumentales_con_Frecuencia,Universal Acoustic Ballad Instrumental,instrumental,01-FONOGRAMAS/Instrumentales_con_Frecuencia/015-Universal_Acoustic_Ballad_Instrumental.mp3,02-LETRAS/Instrumentales_con_Frecuencia/015-Universal_Acoustic_Ballad_Instrumental.txt,https://res.cloudinary.com/dgkruw6n7/video/upload/v1776124877/Universal_Acoustic_Ballad_Instrumental_byizwf.mp3
016,Instrumentales_con_Frecuencia,UrbanDawntoCoastalRest,instrumental,01-FONOGRAMAS/Instrumentales_con_Frecuencia/016-UrbanDawntoCoastalRest.mp3,02-LETRAS/Instrumentales_con_Frecuencia/016-UrbanDawntoCoastalRest.txt,https://res.cloudinary.com/dgkruw6n7/video/upload/v1776124875/UrbanDawntoCoastalRest_laasr2.mp3
017,Instrumentales_con_Frecuencia,UrbanDawntoCoastalDusk,instrumental,01-FONOGRAMAS/Instrumentales_con_Frecuencia/017-UrbanDawntoCoastalDusk.mp3,02-LETRAS/Instrumentales_con_Frecuencia/017-UrbanDawntoCoastalDusk.txt,https://res.cloudinary.com/dgkruw6n7/video/upload/v1776124871/UrbanDawntoCoastalDusk_b5p9tb.mp3
018,Instrumentales_con_Frecuencia,Umbral del Ser,instrumental,01-FONOGRAMAS/Instrumentales_con_Frecuencia/018-Umbral_del_Ser.mp3,02-LETRAS/Instrumentales_con_Frecuencia/018-Umbral_del_Ser.txt,https://res.cloudinary.com/dgkruw6n7/video/upload/v1776124871/Umbral_del_Ser_mmm77o.mp3
019,Instrumentales_con_Frecuencia,TwilightAscension,instrumental,01-FONOGRAMAS/Instrumentales_con_Frecuencia/019-TwilightAscension.mp3,02-LETRAS/Instrumentales_con_Frecuencia/019-TwilightAscension.txt,https://res.cloudinary.com/dgkruw6n7/video/upload/v1776124853/TwilightAscension_oqspti.mp3
020,Instrumentales_con_Frecuencia,TwilightPassion,instrumental,01-FONOGRAMAS/Instrumentales_con_Frecuencia/020-TwilightPassion.mp3,02-LETRAS/Instrumentales_con_Frecuencia/020-TwilightPassion.txt,https://res.cloudinary.com/dgkruw6n7/video/upload/v1776124849/TwilightPassion_dcjjss.mp3
021,Instrumentales_con_Frecuencia,TwilightRendezvous,instrumental,01-FONOGRAMAS/Instrumentales_con_Frecuencia/021-TwilightRendezvous.mp3,02-LETRAS/Instrumentales_con_Frecuencia/021-TwilightRendezvous.txt,https://res.cloudinary.com/dgkruw6n7/video/upload/v1776124847/TwilightRendezvous_qorhcs.mp3
022,Instrumentales_con_Frecuencia,TwilightSerenade,instrumental,01-FONOGRAMAS/Instrumentales_con_Frecuencia/022-TwilightSerenade.mp3,02-LETRAS/Instrumentales_con_Frecuencia/022-TwilightSerenade.txt,https://res.cloudinary.com/dgkruw6n7/video/upload/v1776124846/TwilightSerenade_jc8xp3.mp3
023,Instrumentales_con_Frecuencia,TwilightEmbrace,instrumental,01-FONOGRAMAS/Instrumentales_con_Frecuencia/023-TwilightEmbrace.mp3,02-LETRAS/Instrumentales_con_Frecuencia/023-TwilightEmbrace.txt,https://res.cloudinary.com/dgkruw6n7/video/upload/v1776124834/TwilightEmbrace_lvfekc.mp3
024,Instrumentales_con_Frecuencia,Trascendencia Pura,instrumental,01-FONOGRAMAS/Instrumentales_con_Frecuencia/024-Trascendencia_Pura.mp3,02-LETRAS/Instrumentales_con_Frecuencia/024-Trascendencia_Pura.txt,https://res.cloudinary.com/dgkruw6n7/video/upload/v1776124830/Trascendencia_Pura_tmyauz.mp3
025,Instrumentales_con_Frecuencia,Travesía Interior,instrumental,01-FONOGRAMAS/Instrumentales_con_Frecuencia/025-Travesía_Interior.mp3,02-LETRAS/Instrumentales_con_Frecuencia/025-Travesía_Interior.txt,https://res.cloudinary.com/dgkruw6n7/video/upload/v1776124821/Traves%C3%ADa_Interior_eelcko.mp3
026,Instrumentales_con_Frecuencia,Trascendencia Ancestral,instrumental,01-FONOGRAMAS/Instrumentales_con_Frecuencia/026-Trascendencia_Ancestral.mp3,02-LETRAS/Instrumentales_con_Frecuencia/026-Trascendencia_Ancestral.txt,https://res.cloudinary.com/dgkruw6n7/video/upload/v1776124817/Trascendencia_Ancestral_ruyczn.mp3
027,Instrumentales_con_Frecuencia,The Odyssey,instrumental,01-FONOGRAMAS/Instrumentales_con_Frecuencia/027-The_Odyssey.mp3,02-LETRAS/Instrumentales_con_Frecuencia/027-The_Odyssey.txt,https://res.cloudinary.com/dgkruw6n7/video/upload/v1776124805/The_Odyssey_ayc8aj.mp3
028,Instrumentales_con_Frecuencia,SusurrodeOtono,instrumental,01-FONOGRAMAS/Instrumentales_con_Frecuencia/028-SusurrodeOtono.mp3,02-LETRAS/Instrumentales_con_Frecuencia/028-SusurrodeOtono.txt,https://res.cloudinary.com/dgkruw6n7/video/upload/v1776124796/SusurrodeOtono_brvfxi.mp3
029,Instrumentales_con_Frecuencia,SuspirosdelCoraznHeartsSighs,instrumental,01-FONOGRAMAS/Instrumentales_con_Frecuencia/029-SuspirosdelCoraznHeartsSighs.mp3,02-LETRAS/Instrumentales_con_Frecuencia/029-SuspirosdelCoraznHeartsSighs.txt,https://res.cloudinary.com/dgkruw6n7/video/upload/v1776124793/SuspirosdelCoraznHeartsSighs_azu3by.mp3
030,Instrumentales_con_Frecuencia,Swahili Instrumental,instrumental,01-FONOGRAMAS/Instrumentales_con_Frecuencia/030-Swahili_Instrumental.mp3,02-LETRAS/Instrumentales_con_Frecuencia/030-Swahili_Instrumental.txt,https://res.cloudinary.com/dgkruw6n7/video/upload/v1776124791/Swahili_Instrumental_mrxebk.mp3
031,Instrumentales_con_Frecuencia,Serenity Rise,instrumental,01-FONOGRAMAS/Instrumentales_con_Frecuencia/031-Serenity_Rise.mp3,02-LETRAS/Instrumentales_con_Frecuencia/031-Serenity_Rise.txt,https://res.cloudinary.com/dgkruw6n7/video/upload/v1776124783/Serenity_Rise_zuma3n.mp3
032,Instrumentales_con_Frecuencia,SunsetEmbrace,instrumental,01-FONOGRAMAS/Instrumentales_con_Frecuencia/032-SunsetEmbrace.mp3,02-LETRAS/Instrumentales_con_Frecuencia/032-SunsetEmbrace.txt,https://res.cloudinary.com/dgkruw6n7/video/upload/v1776124782/SunsetEmbrace_dgicqt.mp3
033,Instrumentales_con_Frecuencia,SunsetSerenadeonMediterraneanShore,instrumental,01-FONOGRAMAS/Instrumentales_con_Frecuencia/033-SunsetSerenadeonMediterraneanShore.mp3,02-LETRAS/Instrumentales_con_Frecuencia/033-SunsetSerenadeonMediterraneanShore.txt,https://res.cloudinary.com/dgkruw6n7/video/upload/v1776124776/SunsetSerenadeonMediterraneanShore_z81vxn.mp3
034,Instrumentales_con_Frecuencia,Susurro de los Andes,instrumental,01-FONOGRAMAS/Instrumentales_con_Frecuencia/034-Susurro_de_los_Andes.mp3,02-LETRAS/Instrumentales_con_Frecuencia/034-Susurro_de_los_Andes.txt,https://res.cloudinary.com/dgkruw6n7/video/upload/v1776124767/Susurro_de_los_Andes_rufsav.mp3
035,Instrumentales_con_Frecuencia,SunsetSerenade,instrumental,01-FONOGRAMAS/Instrumentales_con_Frecuencia/035-SunsetSerenade.mp3,02-LETRAS/Instrumentales_con_Frecuencia/035-SunsetSerenade.txt,https://res.cloudinary.com/dgkruw6n7/video/upload/v1776124763/SunsetSerenade_onbbs9.mp3
036,Instrumentales_con_Frecuencia,SunsetSerenade1,instrumental,01-FONOGRAMAS/Instrumentales_con_Frecuencia/036-SunsetSerenade1.mp3,02-LETRAS/Instrumentales_con_Frecuencia/036-SunsetSerenade1.txt,https://res.cloudinary.com/dgkruw6n7/video/upload/v1776124751/SunsetSerenade1_rcvemg.mp3
037,Instrumentales_con_Frecuencia,SunsetMelody,instrumental,01-FONOGRAMAS/Instrumentales_con_Frecuencia/037-SunsetMelody.mp3,02-LETRAS/Instrumentales_con_Frecuencia/037-SunsetMelody.txt,https://res.cloudinary.com/dgkruw6n7/video/upload/v1776124749/SunsetMelody_yhxd9f.mp3
038,Instrumentales_con_Frecuencia,SunsetDialogue,instrumental,01-FONOGRAMAS/Instrumentales_con_Frecuencia/038-SunsetDialogue.mp3,02-LETRAS/Instrumentales_con_Frecuencia/038-SunsetDialogue.txt,https://res.cloudinary.com/dgkruw6n7/video/upload/v1776124740/SunsetDialogue_cdl3wr.mp3
039,Instrumentales_con_Frecuencia,Serenade,instrumental,01-FONOGRAMAS/Instrumentales_con_Frecuencia/039-Serenade.mp3,02-LETRAS/Instrumentales_con_Frecuencia/039-Serenade.txt,https://res.cloudinary.com/dgkruw6n7/video/upload/v1776124731/Serenade_fjffoe.mp3
040,Instrumentales_con_Frecuencia,SueñodeVerano,instrumental,01-FONOGRAMAS/Instrumentales_con_Frecuencia/040-SueñodeVerano.mp3,02-LETRAS/Instrumentales_con_Frecuencia/040-SueñodeVerano.txt,https://res.cloudinary.com/dgkruw6n7/video/upload/v1776124725/Sue%C3%B1odeVerano_zhu2en.mp3
041,Instrumentales_con_Frecuencia,StormandSilence,instrumental,01-FONOGRAMAS/Instrumentales_con_Frecuencia/041-StormandSilence.mp3,02-LETRAS/Instrumentales_con_Frecuencia/041-StormandSilence.txt,https://res.cloudinary.com/dgkruw6n7/video/upload/v1776124717/StormandSilence_lkeoa9.mp3
042,Instrumentales_con_Frecuencia,Soul Voyage,instrumental,01-FONOGRAMAS/Instrumentales_con_Frecuencia/042-Soul_Voyage.mp3,02-LETRAS/Instrumentales_con_Frecuencia/042-Soul_Voyage.txt,https://res.cloudinary.com/dgkruw6n7/video/upload/v1776124715/Soul_Voyage_ysl07j.mp3
043,Instrumentales_con_Frecuencia,StellarVoyager,instrumental,01-FONOGRAMAS/Instrumentales_con_Frecuencia/043-StellarVoyager.mp3,02-LETRAS/Instrumentales_con_Frecuencia/043-StellarVoyager.txt,https://res.cloudinary.com/dgkruw6n7/video/upload/v1776124709/StellarVoyager_jyhfwk.mp3
044,Instrumentales_con_Frecuencia,Sereine,instrumental,01-FONOGRAMAS/Instrumentales_con_Frecuencia/044-Sereine.mp3,02-LETRAS/Instrumentales_con_Frecuencia/044-Sereine.txt,https://res.cloudinary.com/dgkruw6n7/video/upload/v1776124698/Sereine_pfuna2.mp3
045,Instrumentales_con_Frecuencia,Sombra,instrumental,01-FONOGRAMAS/Instrumentales_con_Frecuencia/045-Sombra.mp3,02-LETRAS/Instrumentales_con_Frecuencia/045-Sombra.txt,https://res.cloudinary.com/dgkruw6n7/video/upload/v1776124695/Sombra_urvkkb.mp3
046,Instrumentales_con_Frecuencia,Soar,instrumental,01-FONOGRAMAS/Instrumentales_con_Frecuencia/046-Soar.mp3,02-LETRAS/Instrumentales_con_Frecuencia/046-Soar.txt,https://res.cloudinary.com/dgkruw6n7/video/upload/v1776124683/Soar_eq3nwr.mp3
047,Instrumentales_con_Frecuencia,Santuario del Silencio V,instrumental,01-FONOGRAMAS/Instrumentales_con_Frecuencia/047-Santuario_del_Silencio_V.mp3,02-LETRAS/Instrumentales_con_Frecuencia/047-Santuario_del_Silencio_V.txt,https://res.cloudinary.com/dgkruw6n7/video/upload/v1776124679/Santuario_del_Silencio_V_nhoalj.mp3
048,Instrumentales_con_Frecuencia,SacredEchoes,instrumental,01-FONOGRAMAS/Instrumentales_con_Frecuencia/048-SacredEchoes.mp3,02-LETRAS/Instrumentales_con_Frecuencia/048-SacredEchoes.txt,https://res.cloudinary.com/dgkruw6n7/video/upload/v1776124677/SacredEchoes_kqvtp4.mp3
049,Instrumentales_con_Frecuencia,Sacred Journey,instrumental,01-FONOGRAMAS/Instrumentales_con_Frecuencia/049-Sacred_Journey.mp3,02-LETRAS/Instrumentales_con_Frecuencia/049-Sacred_Journey.txt,https://res.cloudinary.com/dgkruw6n7/video/upload/v1776124655/Sacred_Journey_uy5h8h.mp3
050,Instrumentales_con_Frecuencia,Sacred Journey 1,instrumental,01-FONOGRAMAS/Instrumentales_con_Frecuencia/050-Sacred_Journey_1.mp3,02-LETRAS/Instrumentales_con_Frecuencia/050-Sacred_Journey_1.txt,https://res.cloudinary.com/dgkruw6n7/video/upload/v1776124654/Sacred_Journey_1_jl33ah.mp3
051,Instrumentales_con_Frecuencia,Reminiscence,instrumental,01-FONOGRAMAS/Instrumentales_con_Frecuencia/051-Reminiscence.mp3,02-LETRAS/Instrumentales_con_Frecuencia/051-Reminiscence.txt,https://res.cloudinary.com/dgkruw6n7/video/upload/v1776124652/Reminiscence_s3pozc.mp3
052,Instrumentales_con_Frecuencia,Resonate,instrumental,01-FONOGRAMAS/Instrumentales_con_Frecuencia/052-Resonate.mp3,02-LETRAS/Instrumentales_con_Frecuencia/052-Resonate.txt,https://res.cloudinary.com/dgkruw6n7/video/upload/v1776124647/Resonate_wm84ja.mp3
053,Instrumentales_con_Frecuencia,Río de strellas,instrumental,01-FONOGRAMAS/Instrumentales_con_Frecuencia/053-Río_de_strellas.mp3,02-LETRAS/Instrumentales_con_Frecuencia/053-Río_de_strellas.txt,https://res.cloudinary.com/dgkruw6n7/video/upload/v1776124639/R%C3%ADo_de__strellas_vqxlpw.mp3
054,Instrumentales_con_Frecuencia,ResonanciaInteriorInnerResonance,instrumental,01-FONOGRAMAS/Instrumentales_con_Frecuencia/054-ResonanciaInteriorInnerResonance.mp3,02-LETRAS/Instrumentales_con_Frecuencia/054-ResonanciaInteriorInnerResonance.txt,https://res.cloudinary.com/dgkruw6n7/video/upload/v1776124636/ResonanciaInteriorInnerResonance_df5uqb.mp3
055,Instrumentales_con_Frecuencia,Playaalegre,instrumental,01-FONOGRAMAS/Instrumentales_con_Frecuencia/055-Playaalegre.mp3,02-LETRAS/Instrumentales_con_Frecuencia/055-Playaalegre.txt,https://res.cloudinary.com/dgkruw6n7/video/upload/v1776124622/Playaalegre_zeoysm.mp3
056,Instrumentales_con_Frecuencia,PolvodeEstrellas,instrumental,01-FONOGRAMAS/Instrumentales_con_Frecuencia/056-PolvodeEstrellas.mp3,02-LETRAS/Instrumentales_con_Frecuencia/056-PolvodeEstrellas.txt,https://res.cloudinary.com/dgkruw6n7/video/upload/v1776124620/PolvodeEstrellas_s811kk.mp3
057,Instrumentales_con_Frecuencia,Reflexión,instrumental,01-FONOGRAMAS/Instrumentales_con_Frecuencia/057-Reflexión.mp3,02-LETRAS/Instrumentales_con_Frecuencia/057-Reflexión.txt,https://res.cloudinary.com/dgkruw6n7/video/upload/v1776124619/Reflexi%C3%B3n_yabgfk.mp3
058,Instrumentales_con_Frecuencia,Puerta a lo Eterno VII,instrumental,01-FONOGRAMAS/Instrumentales_con_Frecuencia/058-Puerta_a_lo_Eterno_VII.mp3,02-LETRAS/Instrumentales_con_Frecuencia/058-Puerta_a_lo_Eterno_VII.txt,https://res.cloudinary.com/dgkruw6n7/video/upload/v1776124619/Puerta_a_lo_Eterno_VII_hnwaqa.mp3
059,Instrumentales_con_Frecuencia,RainfallonOceanShores,instrumental,01-FONOGRAMAS/Instrumentales_con_Frecuencia/059-RainfallonOceanShores.mp3,02-LETRAS/Instrumentales_con_Frecuencia/059-RainfallonOceanShores.txt,https://res.cloudinary.com/dgkruw6n7/video/upload/v1776124601/RainfallonOceanShores_oz5xkt.mp3
060,Instrumentales_con_Frecuencia,Ofrenda del Alba,instrumental,01-FONOGRAMAS/Instrumentales_con_Frecuencia/060-Ofrenda_del_Alba.mp3,02-LETRAS/Instrumentales_con_Frecuencia/060-Ofrenda_del_Alba.txt,https://res.cloudinary.com/dgkruw6n7/video/upload/v1776124597/Ofrenda_del_Alba_lhs9wt.mp3
061,Instrumentales_con_Frecuencia,PursuitofTwilight,instrumental,01-FONOGRAMAS/Instrumentales_con_Frecuencia/061-PursuitofTwilight.mp3,02-LETRAS/Instrumentales_con_Frecuencia/061-PursuitofTwilight.txt,https://res.cloudinary.com/dgkruw6n7/video/upload/v1776124596/PursuitofTwilight_xa9lvs.mp3
062,Instrumentales_con_Frecuencia,Planos de Luz,instrumental,01-FONOGRAMAS/Instrumentales_con_Frecuencia/062-Planos_de_Luz.mp3,02-LETRAS/Instrumentales_con_Frecuencia/062-Planos_de_Luz.txt,https://res.cloudinary.com/dgkruw6n7/video/upload/v1776124581/Planos_de_Luz_lh2u8z.mp3
063,Instrumentales_con_Frecuencia,Planos del Infinito,instrumental,01-FONOGRAMAS/Instrumentales_con_Frecuencia/063-Planos_del_Infinito.mp3,02-LETRAS/Instrumentales_con_Frecuencia/063-Planos_del_Infinito.txt,https://res.cloudinary.com/dgkruw6n7/video/upload/v1776124579/Planos_del_Infinito_pkakp5.mp3
064,Instrumentales_con_Frecuencia,PassionsRestatSunset,instrumental,01-FONOGRAMAS/Instrumentales_con_Frecuencia/064-PassionsRestatSunset.mp3,02-LETRAS/Instrumentales_con_Frecuencia/064-PassionsRestatSunset.txt,https://res.cloudinary.com/dgkruw6n7/video/upload/v1776124578/PassionsRestatSunset_gehjnc.mp3
065,Instrumentales_con_Frecuencia,PassionateEclipse,instrumental,01-FONOGRAMAS/Instrumentales_con_Frecuencia/065-PassionateEclipse.mp3,02-LETRAS/Instrumentales_con_Frecuencia/065-PassionateEclipse.txt,https://res.cloudinary.com/dgkruw6n7/video/upload/v1776124572/PassionateEclipse_zg6lvn.mp3
066,Instrumentales_con_Frecuencia,LuminaCordium Nítido y Gregoriano,instrumental,01-FONOGRAMAS/Instrumentales_con_Frecuencia/066-LuminaCordium_Nítido_y_Gregoriano.mp3,02-LETRAS/Instrumentales_con_Frecuencia/066-LuminaCordium_Nítido_y_Gregoriano.txt,https://res.cloudinary.com/dgkruw6n7/video/upload/v1776124571/LuminaCordium_N%C3%ADtido_y_Gregoriano_at4eth.mp3
067,Instrumentales_con_Frecuencia,Paseo Nocturno,instrumental,01-FONOGRAMAS/Instrumentales_con_Frecuencia/067-Paseo_Nocturno.mp3,02-LETRAS/Instrumentales_con_Frecuencia/067-Paseo_Nocturno.txt,https://res.cloudinary.com/dgkruw6n7/video/upload/v1776124562/Paseo_Nocturno_odfckh.mp3
068,Instrumentales_con_Frecuencia,Nocturnal,instrumental,01-FONOGRAMAS/Instrumentales_con_Frecuencia/068-Nocturnal.mp3,02-LETRAS/Instrumentales_con_Frecuencia/068-Nocturnal.txt,https://res.cloudinary.com/dgkruw6n7/video/upload/v1776124545/Nocturnal_meet8g.mp3
069,Instrumentales_con_Frecuencia,Nocturno de Silencio,instrumental,01-FONOGRAMAS/Instrumentales_con_Frecuencia/069-Nocturno_de_Silencio.mp3,02-LETRAS/Instrumentales_con_Frecuencia/069-Nocturno_de_Silencio.txt,https://res.cloudinary.com/dgkruw6n7/video/upload/v1776124545/Nocturno_de_Silencio_hiw7bu.mp3
070,Instrumentales_con_Frecuencia,Océano de Gracia,instrumental,01-FONOGRAMAS/Instrumentales_con_Frecuencia/070-Océano_de_Gracia.mp3,02-LETRAS/Instrumentales_con_Frecuencia/070-Océano_de_Gracia.txt,https://res.cloudinary.com/dgkruw6n7/video/upload/v1776124540/Oc%C3%A9ano_de_Gracia_cg6zoh.mp3
071,Instrumentales_con_Frecuencia,Mística en Penumbra,instrumental,01-FONOGRAMAS/Instrumentales_con_Frecuencia/071-Mística_en_Penumbra.mp3,02-LETRAS/Instrumentales_con_Frecuencia/071-Mística_en_Penumbra.txt,https://res.cloudinary.com/dgkruw6n7/video/upload/v1776124530/M%C3%ADstica_en_Penumbra_rfehfe.mp3
072,Instrumentales_con_Frecuencia,Mystery,instrumental,01-FONOGRAMAS/Instrumentales_con_Frecuencia/072-Mystery.mp3,02-LETRAS/Instrumentales_con_Frecuencia/072-Mystery.txt,https://res.cloudinary.com/dgkruw6n7/video/upload/v1776124520/Mystery_zdzzm5.mp3
073,Instrumentales_con_Frecuencia,MountainsSymphony,instrumental,01-FONOGRAMAS/Instrumentales_con_Frecuencia/073-MountainsSymphony.mp3,02-LETRAS/Instrumentales_con_Frecuencia/073-MountainsSymphony.txt,https://res.cloudinary.com/dgkruw6n7/video/upload/v1776124518/MountainsSymphony_mdo4lx.mp3
074,Instrumentales_con_Frecuencia,Moonlit Danzón,instrumental,01-FONOGRAMAS/Instrumentales_con_Frecuencia/074-Moonlit_Danzón.mp3,02-LETRAS/Instrumentales_con_Frecuencia/074-Moonlit_Danzón.txt,https://res.cloudinary.com/dgkruw6n7/video/upload/v1776124511/Moonlit_Danz%C3%B3n_etu6rj.mp3
075,Instrumentales_con_Frecuencia,Mistica Ancestral Greco Latina Variation,instrumental,01-FONOGRAMAS/Instrumentales_con_Frecuencia/075-Mistica_Ancestral_Greco_Latina_Variation.mp3,02-LETRAS/Instrumentales_con_Frecuencia/075-Mistica_Ancestral_Greco_Latina_Variation.txt,https://res.cloudinary.com/dgkruw6n7/video/upload/v1776124492/Mistica_Ancestral_Greco_Latina_Variation_i36jru.mp3
076,Instrumentales_con_Frecuencia,Mistica Ancestral Greco Latina,instrumental,01-FONOGRAMAS/Instrumentales_con_Frecuencia/076-Mistica_Ancestral_Greco_Latina.mp3,02-LETRAS/Instrumentales_con_Frecuencia/076-Mistica_Ancestral_Greco_Latina.txt,https://res.cloudinary.com/dgkruw6n7/video/upload/v1776124489/Mistica_Ancestral_Greco_Latina_fxjwod.mp3
077,Instrumentales_con_Frecuencia,MidnightVeil,instrumental,01-FONOGRAMAS/Instrumentales_con_Frecuencia/077-MidnightVeil.mp3,02-LETRAS/Instrumentales_con_Frecuencia/077-MidnightVeil.txt,https://res.cloudinary.com/dgkruw6n7/video/upload/v1776124486/MidnightVeil_afaxqt.mp3
078,Instrumentales_con_Frecuencia,Mistica Ancestral Greco Latina Choir Version,instrumental,01-FONOGRAMAS/Instrumentales_con_Frecuencia/078-Mistica_Ancestral_Greco_Latina_Choir_Version.mp3,02-LETRAS/Instrumentales_con_Frecuencia/078-Mistica_Ancestral_Greco_Latina_Choir_Version.txt,https://res.cloudinary.com/dgkruw6n7/video/upload/v1776124486/Mistica_Ancestral_Greco_Latina_Choir_Version_s3s0qc.mp3
079,Instrumentales_con_Frecuencia,MidnightSerenade New Age Gothic Symphonic Choir Version,instrumental,01-FONOGRAMAS/Instrumentales_con_Frecuencia/079-MidnightSerenade_New_Age_Gothic_Symphonic_Choir_Version.mp3,02-LETRAS/Instrumentales_con_Frecuencia/079-MidnightSerenade_New_Age_Gothic_Symphonic_Choir_Version.txt,https://res.cloudinary.com/dgkruw6n7/video/upload/v1776124485/MidnightSerenade_New_Age_Gothic_Symphonic_Choir_Version_rs5nrz.mp3
080,Instrumentales_con_Frecuencia,MidnightSerenade Gothic Instrumental with Choirs and Electric Guitar,instrumental,01-FONOGRAMAS/Instrumentales_con_Frecuencia/080-MidnightSerenade_Gothic_Instrumental_with_Choirs_and_Electric_Guitar.mp3,02-LETRAS/Instrumentales_con_Frecuencia/080-MidnightSerenade_Gothic_Instrumental_with_Choirs_and_Electric_Guitar.txt,https://res.cloudinary.com/dgkruw6n7/video/upload/v1776124464/MidnightSerenade_Gothic_Instrumental_with_Choirs_and_Electric_Guitar_bdktfg.mp3
081,Instrumentales_con_Frecuencia,MareTempestatisSeaofStorms,instrumental,01-FONOGRAMAS/Instrumentales_con_Frecuencia/081-MareTempestatisSeaofStorms.mp3,02-LETRAS/Instrumentales_con_Frecuencia/081-MareTempestatisSeaofStorms.txt,https://res.cloudinary.com/dgkruw6n7/video/upload/v1776124455/MareTempestatisSeaofStorms_piavjk.mp3
082,Instrumentales_con_Frecuencia,MidnightReverie,instrumental,01-FONOGRAMAS/Instrumentales_con_Frecuencia/082-MidnightReverie.mp3,02-LETRAS/Instrumentales_con_Frecuencia/082-MidnightReverie.txt,https://res.cloudinary.com/dgkruw6n7/video/upload/v1776124454/MidnightReverie_hjspgb.mp3
083,Instrumentales_con_Frecuencia,Midnight Serenade,instrumental,01-FONOGRAMAS/Instrumentales_con_Frecuencia/083-Midnight_Serenade.mp3,02-LETRAS/Instrumentales_con_Frecuencia/083-Midnight_Serenade.txt,https://res.cloudinary.com/dgkruw6n7/video/upload/v1776124453/Midnight_Serenade_vqcs72.mp3
084,Instrumentales_con_Frecuencia,Manto de Estrellas,instrumental,01-FONOGRAMAS/Instrumentales_con_Frecuencia/084-Manto_de_Estrellas.mp3,02-LETRAS/Instrumentales_con_Frecuencia/084-Manto_de_Estrellas.txt,https://res.cloudinary.com/dgkruw6n7/video/upload/v1776124438/Manto_de_Estrellas_itsndx.mp3
085,Instrumentales_con_Frecuencia,MetamorphosisoftheHeart,instrumental,01-FONOGRAMAS/Instrumentales_con_Frecuencia/085-MetamorphosisoftheHeart.mp3,02-LETRAS/Instrumentales_con_Frecuencia/085-MetamorphosisoftheHeart.txt,https://res.cloudinary.com/dgkruw6n7/video/upload/v1776124430/MetamorphosisoftheHeart_ofm16d.mp3
086,Instrumentales_con_Frecuencia,MemorysRelease,instrumental,01-FONOGRAMAS/Instrumentales_con_Frecuencia/086-MemorysRelease.mp3,02-LETRAS/Instrumentales_con_Frecuencia/086-MemorysRelease.txt,https://res.cloudinary.com/dgkruw6n7/video/upload/v1776124426/MemorysRelease_elhjxq.mp3
087,Instrumentales_con_Frecuencia,Luz del Despertar,instrumental,01-FONOGRAMAS/Instrumentales_con_Frecuencia/087-Luz_del_Despertar.mp3,02-LETRAS/Instrumentales_con_Frecuencia/087-Luz_del_Despertar.txt,https://res.cloudinary.com/dgkruw6n7/video/upload/v1776124416/Luz_del_Despertar_ocih6x.mp3
088,Instrumentales_con_Frecuencia,LuzdeMañana,instrumental,01-FONOGRAMAS/Instrumentales_con_Frecuencia/088-LuzdeMañana.mp3,02-LETRAS/Instrumentales_con_Frecuencia/088-LuzdeMañana.txt,https://res.cloudinary.com/dgkruw6n7/video/upload/v1776124409/LuzdeMa%C3%B1ana_lsaczy.mp3
089,Instrumentales_con_Frecuencia,LuzdeLunaPlena,instrumental,01-FONOGRAMAS/Instrumentales_con_Frecuencia/089-LuzdeLunaPlena.mp3,02-LETRAS/Instrumentales_con_Frecuencia/089-LuzdeLunaPlena.txt,https://res.cloudinary.com/dgkruw6n7/video/upload/v1776124406/LuzdeLunaPlena_fwyzbh.mp3
090,Instrumentales_con_Frecuencia,LuminaCordium Outro Suave,instrumental,01-FONOGRAMAS/Instrumentales_con_Frecuencia/090-LuminaCordium_Outro_Suave.mp3,02-LETRAS/Instrumentales_con_Frecuencia/090-LuminaCordium_Outro_Suave.txt,https://res.cloudinary.com/dgkruw6n7/video/upload/v1776124397/LuminaCordium_Outro_Suave_pqlzal.mp3
091,Instrumentales_con_Frecuencia,LuminaCordium 2,instrumental,01-FONOGRAMAS/Instrumentales_con_Frecuencia/091-LuminaCordium_2.mp3,02-LETRAS/Instrumentales_con_Frecuencia/091-LuminaCordium_2.txt,https://res.cloudinary.com/dgkruw6n7/video/upload/v1776124396/LuminaCordium_2_gtfcs7.mp3
092,Instrumentales_con_Frecuencia,LuminaCordium Variation,instrumental,01-FONOGRAMAS/Instrumentales_con_Frecuencia/092-LuminaCordium_Variation.mp3,02-LETRAS/Instrumentales_con_Frecuencia/092-LuminaCordium_Variation.txt,https://res.cloudinary.com/dgkruw6n7/video/upload/v1776124388/LuminaCordium_Variation_x5ovtc.mp3
093,Instrumentales_con_Frecuencia,Luz de la Conciencia,instrumental,01-FONOGRAMAS/Instrumentales_con_Frecuencia/093-Luz_de_la_Conciencia.mp3,02-LETRAS/Instrumentales_con_Frecuencia/093-Luz_de_la_Conciencia.txt,https://res.cloudinary.com/dgkruw6n7/video/upload/v1776124382/Luz_de_la_Conciencia_x6bizo.mp3
094,Instrumentales_con_Frecuencia,LuminaCordium 1,instrumental,01-FONOGRAMAS/Instrumentales_con_Frecuencia/094-LuminaCordium_1.mp3,02-LETRAS/Instrumentales_con_Frecuencia/094-LuminaCordium_1.txt,https://res.cloudinary.com/dgkruw6n7/video/upload/v1776124372/LuminaCordium_1_v6l6af.mp3
095,Instrumentales_con_Frecuencia,LuminaCordium,instrumental,01-FONOGRAMAS/Instrumentales_con_Frecuencia/095-LuminaCordium.mp3,02-LETRAS/Instrumentales_con_Frecuencia/095-LuminaCordium.txt,https://res.cloudinary.com/dgkruw6n7/video/upload/v1776124370/LuminaCordium_zah2ca.mp3
096,Instrumentales_con_Frecuencia,LuminaCordium Gregoriano Épico,instrumental,01-FONOGRAMAS/Instrumentales_con_Frecuencia/096-LuminaCordium_Gregoriano_Épico.mp3,02-LETRAS/Instrumentales_con_Frecuencia/096-LuminaCordium_Gregoriano_Épico.txt,https://res.cloudinary.com/dgkruw6n7/video/upload/v1776124353/LuminaCordium_Gregoriano_%C3%89pico_wjcnto.mp3
097,Instrumentales_con_Frecuencia,Lastquement,instrumental,01-FONOGRAMAS/Instrumentales_con_Frecuencia/097-Lastquement.mp3,02-LETRAS/Instrumentales_con_Frecuencia/097-Lastquement.txt,https://res.cloudinary.com/dgkruw6n7/video/upload/v1776124340/Lastquement_czt5wa.mp3
098,Instrumentales_con_Frecuencia,LiveMultilingualMedley En Vivo,instrumental,01-FONOGRAMAS/Instrumentales_con_Frecuencia/098-LiveMultilingualMedley_En_Vivo.mp3,02-LETRAS/Instrumentales_con_Frecuencia/098-LiveMultilingualMedley_En_Vivo.txt,https://res.cloudinary.com/dgkruw6n7/video/upload/v1776124340/LiveMultilingualMedley_En_Vivo_d8ve6z.mp3
099,Instrumentales_con_Frecuencia,Eternidad Secreta,instrumental,01-FONOGRAMAS/Instrumentales_con_Frecuencia/099-Eternidad_Secreta.mp3,02-LETRAS/Instrumentales_con_Frecuencia/099-Eternidad_Secreta.txt,https://res.cloudinary.com/dgkruw6n7/video/upload/v1776124340/Eternidad_Secreta_v99mla.mp3
100,Instrumentales_con_Frecuencia,Longing,instrumental,01-FONOGRAMAS/Instrumentales_con_Frecuencia/100-Longing.mp3,02-LETRAS/Instrumentales_con_Frecuencia/100-Longing.txt,https://res.cloudinary.com/dgkruw6n7/video/upload/v1776124336/Longing_inm6fu.mp3
001,Regional_Tropical_Latina,Vuelvo a Tu Puerta Trío Bolero Clásico,con_letra_o_voz,01-FONOGRAMAS/Regional_Tropical_Latina/001-Vuelvo_a_Tu_Puerta_Trío_Bolero_Clásico.mp3,02-LETRAS/Regional_Tropical_Latina/001-Vuelvo_a_Tu_Puerta_Trío_Bolero_Clásico.txt,https://res.cloudinary.com/dgkruw6n7/video/upload/v1776128178/Vuelvo_a_Tu_Puerta__Tr%C3%ADo_Bolero_Cl%C3%A1sico_gxve3r.mp3
002,Regional_Tropical_Latina,Volverás,con_letra_o_voz,01-FONOGRAMAS/Regional_Tropical_Latina/002-Volverás.mp3,02-LETRAS/Regional_Tropical_Latina/002-Volverás.txt,https://res.cloudinary.com/dgkruw6n7/video/upload/v1776128175/Volver%C3%A1s_yghfac.mp3
003,Regional_Tropical_Latina,Tiempo Final Sound swap,con_letra_o_voz,01-FONOGRAMAS/Regional_Tropical_Latina/003-Tiempo_Final_Sound_swap.mp3,02-LETRAS/Regional_Tropical_Latina/003-Tiempo_Final_Sound_swap.txt,https://res.cloudinary.com/dgkruw6n7/video/upload/v1776128172/Tiempo_Final_Sound_swap_ptnbqq.mp3
004,Regional_Tropical_Latina,Susurros en la Pista,con_letra_o_voz,01-FONOGRAMAS/Regional_Tropical_Latina/004-Susurros_en_la_Pista.mp3,02-LETRAS/Regional_Tropical_Latina/004-Susurros_en_la_Pista.txt,https://res.cloudinary.com/dgkruw6n7/video/upload/v1776128167/Susurros_en_la_Pista_iyuvpk.mp3
005,Regional_Tropical_Latina,Susurros en la Pista Instrumental Extendida,instrumental,01-FONOGRAMAS/Regional_Tropical_Latina/005-Susurros_en_la_Pista_Instrumental_Extendida.mp3,02-LETRAS/Regional_Tropical_Latina/005-Susurros_en_la_Pista_Instrumental_Extendida.txt,https://res.cloudinary.com/dgkruw6n7/video/upload/v1776128169/Susurros_en_la_Pista__Instrumental_Extendida_wx1arz.mp3
006,Regional_Tropical_Latina,SiempreRenacer1,con_letra_o_voz,01-FONOGRAMAS/Regional_Tropical_Latina/006-SiempreRenacer1.mp3,02-LETRAS/Regional_Tropical_Latina/006-SiempreRenacer1.txt,https://res.cloudinary.com/dgkruw6n7/video/upload/v1776128161/SiempreRenacer1-mastered_apv8ki.mp3
007,Regional_Tropical_Latina,SiempreRenacer,con_letra_o_voz,01-FONOGRAMAS/Regional_Tropical_Latina/007-SiempreRenacer.mp3,02-LETRAS/Regional_Tropical_Latina/007-SiempreRenacer.txt,https://res.cloudinary.com/dgkruw6n7/video/upload/v1776128164/SiempreRenacer-mastered_bwb3vb.mp3
008,Regional_Tropical_Latina,SeduccinMariachi,con_letra_o_voz,01-FONOGRAMAS/Regional_Tropical_Latina/008-SeduccinMariachi.mp3,02-LETRAS/Regional_Tropical_Latina/008-SeduccinMariachi.txt,https://res.cloudinary.com/dgkruw6n7/video/upload/v1776128158/SeduccinMariachi-mastered_nnanze.mp3
009,Regional_Tropical_Latina,SeduccinArpa,con_letra_o_voz,01-FONOGRAMAS/Regional_Tropical_Latina/009-SeduccinArpa.mp3,02-LETRAS/Regional_Tropical_Latina/009-SeduccinArpa.txt,https://res.cloudinary.com/dgkruw6n7/video/upload/v1776128156/SeduccinArpa-mastered_zetgso.mp3
010,Regional_Tropical_Latina,Nocturn Toque,con_letra_o_voz,01-FONOGRAMAS/Regional_Tropical_Latina/010-Nocturn_Toque.mp3,02-LETRAS/Regional_Tropical_Latina/010-Nocturn_Toque.txt,https://res.cloudinary.com/dgkruw6n7/video/upload/v1776128153/Nocturn_Toque_gwsmgd.mp3
011,Regional_Tropical_Latina,Noches de Humo y Recuerdos,con_letra_o_voz,01-FONOGRAMAS/Regional_Tropical_Latina/011-Noches_de_Humo_y_Recuerdos.mp3,02-LETRAS/Regional_Tropical_Latina/011-Noches_de_Humo_y_Recuerdos.txt,https://res.cloudinary.com/dgkruw6n7/video/upload/v1776128147/Noches_de_Humo_y_Recuerdos_euulzl.mp3
012,Regional_Tropical_Latina,NochedeShamsRitmica,con_letra_o_voz,01-FONOGRAMAS/Regional_Tropical_Latina/012-NochedeShamsRitmica.mp3,02-LETRAS/Regional_Tropical_Latina/012-NochedeShamsRitmica.txt,https://res.cloudinary.com/dgkruw6n7/video/upload/v1776128145/NochedeShamsRitmica-mastered_ognt8y.mp3
013,Regional_Tropical_Latina,Noche Ardiente,con_letra_o_voz,01-FONOGRAMAS/Regional_Tropical_Latina/013-Noche_Ardiente.mp3,02-LETRAS/Regional_Tropical_Latina/013-Noche_Ardiente.txt,https://res.cloudinary.com/dgkruw6n7/video/upload/v1776128217/Noche_Ardiente_wnklhe.mp3
014,Regional_Tropical_Latina,NocheSinPromesas,con_letra_o_voz,01-FONOGRAMAS/Regional_Tropical_Latina/014-NocheSinPromesas.mp3,02-LETRAS/Regional_Tropical_Latina/014-NocheSinPromesas.txt,https://res.cloudinary.com/dgkruw6n7/video/upload/v1776128150/NocheSinPromesas-mastered_omglfy.mp3
015,Regional_Tropical_Latina,Me Robaste el Alma,con_letra_o_voz,01-FONOGRAMAS/Regional_Tropical_Latina/015-Me_Robaste_el_Alma.mp3,02-LETRAS/Regional_Tropical_Latina/015-Me_Robaste_el_Alma.txt,https://res.cloudinary.com/dgkruw6n7/video/upload/v1776128214/Me_Robaste_el_Alma_ipmosb.mp3
016,Regional_Tropical_Latina,Me Embrujaste Enterosoft,con_letra_o_voz,01-FONOGRAMAS/Regional_Tropical_Latina/016-Me_Embrujaste_Enterosoft.mp3,02-LETRAS/Regional_Tropical_Latina/016-Me_Embrujaste_Enterosoft.txt,https://res.cloudinary.com/dgkruw6n7/video/upload/v1776128212/Me_Embrujaste_Enterosoft_vakafh.mp3
017,Regional_Tropical_Latina,Me Embrujaste Entero bolero,con_letra_o_voz,01-FONOGRAMAS/Regional_Tropical_Latina/017-Me_Embrujaste_Entero_bolero.mp3,02-LETRAS/Regional_Tropical_Latina/017-Me_Embrujaste_Entero_bolero.txt,https://res.cloudinary.com/dgkruw6n7/video/upload/v1776128209/Me_Embrujaste_Entero_bolero_gr5jkj.mp3
018,Regional_Tropical_Latina,Masqueamistadquieroser,con_letra_o_voz,01-FONOGRAMAS/Regional_Tropical_Latina/018-Masqueamistadquieroser.mp3,02-LETRAS/Regional_Tropical_Latina/018-Masqueamistadquieroser.txt,https://res.cloudinary.com/dgkruw6n7/video/upload/v1776128206/Masqueamistadquieroser-mastered_arksad.mp3
019,Regional_Tropical_Latina,La Distancia Entre Nosotros Bolero Ranchero,con_letra_o_voz,01-FONOGRAMAS/Regional_Tropical_Latina/019-La_Distancia_Entre_Nosotros_Bolero_Ranchero.mp3,02-LETRAS/Regional_Tropical_Latina/019-La_Distancia_Entre_Nosotros_Bolero_Ranchero.txt,https://res.cloudinary.com/dgkruw6n7/video/upload/v1776128203/La_Distancia_Entre_Nosotros_Bolero_Ranchero_u8xdkm.mp3
020,Regional_Tropical_Latina,Hipnotizame,con_letra_o_voz,01-FONOGRAMAS/Regional_Tropical_Latina/020-Hipnotizame.mp3,02-LETRAS/Regional_Tropical_Latina/020-Hipnotizame.txt,https://res.cloudinary.com/dgkruw6n7/video/upload/v1776128200/Hipnotizame_ljyfgx.mp3
021,Regional_Tropical_Latina,EsperanzaHerida,con_letra_o_voz,01-FONOGRAMAS/Regional_Tropical_Latina/021-EsperanzaHerida.mp3,02-LETRAS/Regional_Tropical_Latina/021-EsperanzaHerida.txt,https://res.cloudinary.com/dgkruw6n7/video/upload/v1776128197/EsperanzaHerida-mastered_zxsqxe.mp3
022,Regional_Tropical_Latina,Elequilibriodelavida,con_letra_o_voz,01-FONOGRAMAS/Regional_Tropical_Latina/022-Elequilibriodelavida.mp3,02-LETRAS/Regional_Tropical_Latina/022-Elequilibriodelavida.txt,https://res.cloudinary.com/dgkruw6n7/video/upload/v1776128195/Elequilibriodelavida-mastered_bemvt7.mp3
023,Regional_Tropical_Latina,DejameAmartesinFronteras trio,con_letra_o_voz,01-FONOGRAMAS/Regional_Tropical_Latina/023-DejameAmartesinFronteras_trio.mp3,02-LETRAS/Regional_Tropical_Latina/023-DejameAmartesinFronteras_trio.txt,https://res.cloudinary.com/dgkruw6n7/video/upload/v1776128192/DejameAmartesinFronteras-trio-mastered_vcqogi.mp3
024,Regional_Tropical_Latina,DejameAmartesinFronteras bolero,con_letra_o_voz,01-FONOGRAMAS/Regional_Tropical_Latina/024-DejameAmartesinFronteras_bolero.mp3,02-LETRAS/Regional_Tropical_Latina/024-DejameAmartesinFronteras_bolero.txt,https://res.cloudinary.com/dgkruw6n7/video/upload/v1776128189/DejameAmartesinFronteras-bolero-mastered_epygnq.mp3
025,Regional_Tropical_Latina,Corazón de Piedra Bolero Ranchero,con_letra_o_voz,01-FONOGRAMAS/Regional_Tropical_Latina/025-Corazón_de_Piedra_Bolero_Ranchero.mp3,02-LETRAS/Regional_Tropical_Latina/025-Corazón_de_Piedra_Bolero_Ranchero.txt,https://res.cloudinary.com/dgkruw6n7/video/upload/v1776128183/Coraz%C3%B3n_de_Piedra_Bolero_Ranchero_ixm21c.mp3
026,Regional_Tropical_Latina,Corazón Rebelde,con_letra_o_voz,01-FONOGRAMAS/Regional_Tropical_Latina/026-Corazón_Rebelde.mp3,02-LETRAS/Regional_Tropical_Latina/026-Corazón_Rebelde.txt,https://res.cloudinary.com/dgkruw6n7/video/upload/v1776128186/Coraz%C3%B3n_Rebelde_pdyw6v.mp3
027,Regional_Tropical_Latina,Aventuraeneldesierto,con_letra_o_voz,01-FONOGRAMAS/Regional_Tropical_Latina/027-Aventuraeneldesierto.mp3,02-LETRAS/Regional_Tropical_Latina/027-Aventuraeneldesierto.txt,https://res.cloudinary.com/dgkruw6n7/video/upload/v1776128181/Aventuraeneldesierto-mastered_do2jub.mp3
001,Ritmica_Dj_Tecno_Electronica,wav,con_letra_o_voz,01-FONOGRAMAS/Ritmica_Dj_Tecno_Electronica/001-wav.mp3,02-LETRAS/Ritmica_Dj_Tecno_Electronica/001-wav.txt,https://res.cloudinary.com/dgkruw6n7/video/upload/v1776139645/wav_zu8pgt.mp3
002,Ritmica_Dj_Tecno_Electronica,YouRhythmPullMeClose,con_letra_o_voz,01-FONOGRAMAS/Ritmica_Dj_Tecno_Electronica/002-YouRhythmPullMeClose.mp3,02-LETRAS/Ritmica_Dj_Tecno_Electronica/002-YouRhythmPullMeClose.txt,https://res.cloudinary.com/dgkruw6n7/video/upload/v1776139648/YouRhythmPullMeClose_ajqffi.mp3
003,Ritmica_Dj_Tecno_Electronica,WeAreASignal,con_letra_o_voz,01-FONOGRAMAS/Ritmica_Dj_Tecno_Electronica/003-WeAreASignal.mp3,02-LETRAS/Ritmica_Dj_Tecno_Electronica/003-WeAreASignal.txt,https://res.cloudinary.com/dgkruw6n7/video/upload/v1776139421/WeAreASignal_aga8iv.mp3
004,Ritmica_Dj_Tecno_Electronica,VientodelDesierto,con_letra_o_voz,01-FONOGRAMAS/Ritmica_Dj_Tecno_Electronica/004-VientodelDesierto.mp3,02-LETRAS/Ritmica_Dj_Tecno_Electronica/004-VientodelDesierto.txt,https://res.cloudinary.com/dgkruw6n7/video/upload/v1776139371/VientodelDesierto_erolyr.mp3
005,Ritmica_Dj_Tecno_Electronica,VibraSincronizada,con_letra_o_voz,01-FONOGRAMAS/Ritmica_Dj_Tecno_Electronica/005-VibraSincronizada.mp3,02-LETRAS/Ritmica_Dj_Tecno_Electronica/005-VibraSincronizada.txt,https://res.cloudinary.com/dgkruw6n7/video/upload/v1776139492/VibraSincronizada_fsdxar.mp3
006,Ritmica_Dj_Tecno_Electronica,Unidad,con_letra_o_voz,01-FONOGRAMAS/Ritmica_Dj_Tecno_Electronica/006-Unidad.mp3,02-LETRAS/Ritmica_Dj_Tecno_Electronica/006-Unidad.txt,https://res.cloudinary.com/dgkruw6n7/video/upload/v1776139347/Unidad_fyvopc.mp3
007,Ritmica_Dj_Tecno_Electronica,Twice,con_letra_o_voz,01-FONOGRAMAS/Ritmica_Dj_Tecno_Electronica/007-Twice.mp3,02-LETRAS/Ritmica_Dj_Tecno_Electronica/007-Twice.txt,https://res.cloudinary.com/dgkruw6n7/video/upload/v1776139649/Twice_zcf1ic.mp3
008,Ritmica_Dj_Tecno_Electronica,Tu Corazón Whisper Mix Hypnotic Techno,con_letra_o_voz,01-FONOGRAMAS/Ritmica_Dj_Tecno_Electronica/008-Tu_Corazón_Whisper_Mix_Hypnotic_Techno.mp3,02-LETRAS/Ritmica_Dj_Tecno_Electronica/008-Tu_Corazón_Whisper_Mix_Hypnotic_Techno.txt,https://res.cloudinary.com/dgkruw6n7/video/upload/v1776139648/Tu_Coraz%C3%B3n_Whisper_Mix__Hypnotic_Techno_ixduk2.mp3
009,Ritmica_Dj_Tecno_Electronica,Tu Corazón Progressive Tech Dream,con_letra_o_voz,01-FONOGRAMAS/Ritmica_Dj_Tecno_Electronica/009-Tu_Corazón_Progressive_Tech_Dream.mp3,02-LETRAS/Ritmica_Dj_Tecno_Electronica/009-Tu_Corazón_Progressive_Tech_Dream.txt,https://res.cloudinary.com/dgkruw6n7/video/upload/v1776139650/Tu_Coraz%C3%B3n_Progressive_Tech_Dream_lmdaqy.mp3
010,Ritmica_Dj_Tecno_Electronica,Tu Corazón Power Mix Hypnotic Techno,con_letra_o_voz,01-FONOGRAMAS/Ritmica_Dj_Tecno_Electronica/010-Tu_Corazón_Power_Mix_Hypnotic_Techno.mp3,02-LETRAS/Ritmica_Dj_Tecno_Electronica/010-Tu_Corazón_Power_Mix_Hypnotic_Techno.txt,https://res.cloudinary.com/dgkruw6n7/video/upload/v1776139440/Tu_Coraz%C3%B3n_Power_Mix_Hypnotic_Techno_iaspjc.mp3
011,Ritmica_Dj_Tecno_Electronica,Tu Corazón Popurrí Final,con_letra_o_voz,01-FONOGRAMAS/Ritmica_Dj_Tecno_Electronica/011-Tu_Corazón_Popurrí_Final.mp3,02-LETRAS/Ritmica_Dj_Tecno_Electronica/011-Tu_Corazón_Popurrí_Final.txt,https://res.cloudinary.com/dgkruw6n7/video/upload/v1776139643/Tu_Coraz%C3%B3n_Popurr%C3%AD_Final_lmgs3j.mp3
012,Ritmica_Dj_Tecno_Electronica,Tu Corazón Industrial Minimal Slam,con_letra_o_voz,01-FONOGRAMAS/Ritmica_Dj_Tecno_Electronica/012-Tu_Corazón_Industrial_Minimal_Slam.mp3,02-LETRAS/Ritmica_Dj_Tecno_Electronica/012-Tu_Corazón_Industrial_Minimal_Slam.txt,https://res.cloudinary.com/dgkruw6n7/video/upload/v1776139462/Tu_Coraz%C3%B3n_Industrial_Minimal_Slam_rk0mus.mp3
013,Ritmica_Dj_Tecno_Electronica,Tu Corazón Hypnotic Techno Minimal,con_letra_o_voz,01-FONOGRAMAS/Ritmica_Dj_Tecno_Electronica/013-Tu_Corazón_Hypnotic_Techno_Minimal.mp3,02-LETRAS/Ritmica_Dj_Tecno_Electronica/013-Tu_Corazón_Hypnotic_Techno_Minimal.txt,https://res.cloudinary.com/dgkruw6n7/video/upload/v1776139647/Tu_Coraz%C3%B3n_Hypnotic_Techno_Minimal_c9kwoc.mp3
014,Ritmica_Dj_Tecno_Electronica,Tu Corazón EBM x R B,con_letra_o_voz,01-FONOGRAMAS/Ritmica_Dj_Tecno_Electronica/014-Tu_Corazón_EBM_x_R_B.mp3,02-LETRAS/Ritmica_Dj_Tecno_Electronica/014-Tu_Corazón_EBM_x_R_B.txt,https://res.cloudinary.com/dgkruw6n7/video/upload/v1776139353/Tu_Coraz%C3%B3n_EBM_x_R_B_lhzohi.mp3
015,Ritmica_Dj_Tecno_Electronica,Tu Corazón Dark Melodic Techno,con_letra_o_voz,01-FONOGRAMAS/Ritmica_Dj_Tecno_Electronica/015-Tu_Corazón_Dark_Melodic_Techno.mp3,02-LETRAS/Ritmica_Dj_Tecno_Electronica/015-Tu_Corazón_Dark_Melodic_Techno.txt,https://res.cloudinary.com/dgkruw6n7/video/upload/v1776139644/Tu_Coraz%C3%B3n_Dark_Melodic_Techno_tghbym.mp3
016,Ritmica_Dj_Tecno_Electronica,Tu Corazón Afro Tech Hypnosis,con_letra_o_voz,01-FONOGRAMAS/Ritmica_Dj_Tecno_Electronica/016-Tu_Corazón_Afro_Tech_Hypnosis.mp3,02-LETRAS/Ritmica_Dj_Tecno_Electronica/016-Tu_Corazón_Afro_Tech_Hypnosis.txt,https://res.cloudinary.com/dgkruw6n7/video/upload/v1776139433/Tu_Coraz%C3%B3n_Afro_Tech_Hypnosis_uvwfrv.mp3
017,Ritmica_Dj_Tecno_Electronica,Tu Corazón Acid Seduction,con_letra_o_voz,01-FONOGRAMAS/Ritmica_Dj_Tecno_Electronica/017-Tu_Corazón_Acid_Seduction.mp3,02-LETRAS/Ritmica_Dj_Tecno_Electronica/017-Tu_Corazón_Acid_Seduction.txt,https://res.cloudinary.com/dgkruw6n7/video/upload/v1776139455/Tu_Coraz%C3%B3n_Acid_Seduction_ubxsd7.mp3
018,Ritmica_Dj_Tecno_Electronica,Teaser 15s Tu Corazón,con_letra_o_voz,01-FONOGRAMAS/Ritmica_Dj_Tecno_Electronica/018-Teaser_15s_Tu_Corazón.mp3,02-LETRAS/Ritmica_Dj_Tecno_Electronica/018-Teaser_15s_Tu_Corazón.txt,https://res.cloudinary.com/dgkruw6n7/video/upload/v1776139649/Teaser_15s_Tu_Coraz%C3%B3n_whcp6u.mp3
019,Ritmica_Dj_Tecno_Electronica,Stormcall,con_letra_o_voz,01-FONOGRAMAS/Ritmica_Dj_Tecno_Electronica/019-Stormcall.mp3,02-LETRAS/Ritmica_Dj_Tecno_Electronica/019-Stormcall.txt,https://res.cloudinary.com/dgkruw6n7/video/upload/v1776139404/Stormcall_hqstxv.mp3
020,Ritmica_Dj_Tecno_Electronica,SilentWisdom,con_letra_o_voz,01-FONOGRAMAS/Ritmica_Dj_Tecno_Electronica/020-SilentWisdom.mp3,02-LETRAS/Ritmica_Dj_Tecno_Electronica/020-SilentWisdom.txt,https://res.cloudinary.com/dgkruw6n7/video/upload/v1776139645/SilentWisdom_joiphl.mp3
021,Ritmica_Dj_Tecno_Electronica,SiguemeMasCerca,con_letra_o_voz,01-FONOGRAMAS/Ritmica_Dj_Tecno_Electronica/021-SiguemeMasCerca.mp3,02-LETRAS/Ritmica_Dj_Tecno_Electronica/021-SiguemeMasCerca.txt,https://res.cloudinary.com/dgkruw6n7/video/upload/v1776139329/SiguemeMasCerca_ixf5t6.mp3
022,Ritmica_Dj_Tecno_Electronica,SacredRhythmTakeControl,con_letra_o_voz,01-FONOGRAMAS/Ritmica_Dj_Tecno_Electronica/022-SacredRhythmTakeControl.mp3,02-LETRAS/Ritmica_Dj_Tecno_Electronica/022-SacredRhythmTakeControl.txt,https://res.cloudinary.com/dgkruw6n7/video/upload/v1776139446/SacredRhythmTakeControl_rwaizo.mp3
023,Ritmica_Dj_Tecno_Electronica,Resonance,con_letra_o_voz,01-FONOGRAMAS/Ritmica_Dj_Tecno_Electronica/023-Resonance.mp3,02-LETRAS/Ritmica_Dj_Tecno_Electronica/023-Resonance.txt,https://res.cloudinary.com/dgkruw6n7/video/upload/v1776139486/Resonance_rfzbbf.mp3
024,Ritmica_Dj_Tecno_Electronica,RHYTHMRISE,con_letra_o_voz,01-FONOGRAMAS/Ritmica_Dj_Tecno_Electronica/024-RHYTHMRISE.mp3,02-LETRAS/Ritmica_Dj_Tecno_Electronica/024-RHYTHMRISE.txt,https://res.cloudinary.com/dgkruw6n7/video/upload/v1776139428/RHYTHMRISE_g19tjo.mp3
025,Ritmica_Dj_Tecno_Electronica,Punto de Ignición,con_letra_o_voz,01-FONOGRAMAS/Ritmica_Dj_Tecno_Electronica/025-Punto_de_Ignición.mp3,02-LETRAS/Ritmica_Dj_Tecno_Electronica/025-Punto_de_Ignición.txt,https://res.cloudinary.com/dgkruw6n7/video/upload/v1776139488/Punto_de_Ignici%C3%B3n_qbhdpe.mp3
026,Ritmica_Dj_Tecno_Electronica,PulsoMayor,con_letra_o_voz,01-FONOGRAMAS/Ritmica_Dj_Tecno_Electronica/026-PulsoMayor.mp3,02-LETRAS/Ritmica_Dj_Tecno_Electronica/026-PulsoMayor.txt,https://res.cloudinary.com/dgkruw6n7/video/upload/v1776139446/PulsoMayor_ynltzo.mp3
027,Ritmica_Dj_Tecno_Electronica,PulsoAncestral,con_letra_o_voz,01-FONOGRAMAS/Ritmica_Dj_Tecno_Electronica/027-PulsoAncestral.mp3,02-LETRAS/Ritmica_Dj_Tecno_Electronica/027-PulsoAncestral.txt,https://res.cloudinary.com/dgkruw6n7/video/upload/v1776139408/PulsoAncestral_qicvyu.mp3
028,Ritmica_Dj_Tecno_Electronica,Puertas de Oro Salvación,con_letra_o_voz,01-FONOGRAMAS/Ritmica_Dj_Tecno_Electronica/028-Puertas_de_Oro_Salvación.mp3,02-LETRAS/Ritmica_Dj_Tecno_Electronica/028-Puertas_de_Oro_Salvación.txt,https://res.cloudinary.com/dgkruw6n7/video/upload/v1776139434/Puertas_de_Oro_Salvaci%C3%B3n_xxmw4t.mp3
029,Ritmica_Dj_Tecno_Electronica,ProverbialSpirit,con_letra_o_voz,01-FONOGRAMAS/Ritmica_Dj_Tecno_Electronica/029-ProverbialSpirit.mp3,02-LETRAS/Ritmica_Dj_Tecno_Electronica/029-ProverbialSpirit.txt,https://res.cloudinary.com/dgkruw6n7/video/upload/v1776139402/ProverbialSpirit_apggvo.mp3
030,Ritmica_Dj_Tecno_Electronica,Oscara,con_letra_o_voz,01-FONOGRAMAS/Ritmica_Dj_Tecno_Electronica/030-Oscara.mp3,02-LETRAS/Ritmica_Dj_Tecno_Electronica/030-Oscara.txt,https://res.cloudinary.com/dgkruw6n7/video/upload/v1776139325/Oscara_ribgvz.mp3
031,Ritmica_Dj_Tecno_Electronica,MiraComoFluyo,con_letra_o_voz,01-FONOGRAMAS/Ritmica_Dj_Tecno_Electronica/031-MiraComoFluyo.mp3,02-LETRAS/Ritmica_Dj_Tecno_Electronica/031-MiraComoFluyo.txt,https://res.cloudinary.com/dgkruw6n7/video/upload/v1776139415/MiraComoFluyo_vrmdk0.mp3
032,Ritmica_Dj_Tecno_Electronica,Lamento del Alma,con_letra_o_voz,01-FONOGRAMAS/Ritmica_Dj_Tecno_Electronica/032-Lamento_del_Alma.mp3,02-LETRAS/Ritmica_Dj_Tecno_Electronica/032-Lamento_del_Alma.txt,https://res.cloudinary.com/dgkruw6n7/video/upload/v1776139645/Lamento_del_Alma_d93jwy.mp3
033,Ritmica_Dj_Tecno_Electronica,Lamento del Alma Coro Mixto Intenso,con_letra_o_voz,01-FONOGRAMAS/Ritmica_Dj_Tecno_Electronica/033-Lamento_del_Alma_Coro_Mixto_Intenso.mp3,02-LETRAS/Ritmica_Dj_Tecno_Electronica/033-Lamento_del_Alma_Coro_Mixto_Intenso.txt,https://res.cloudinary.com/dgkruw6n7/video/upload/v1776139467/Lamento_del_Alma_Coro_Mixto_Intenso_ak66bg.mp3
034,Ritmica_Dj_Tecno_Electronica,La Victoria Var. III,con_letra_o_voz,01-FONOGRAMAS/Ritmica_Dj_Tecno_Electronica/034-La_Victoria_Var._III.mp3,02-LETRAS/Ritmica_Dj_Tecno_Electronica/034-La_Victoria_Var._III.txt,https://res.cloudinary.com/dgkruw6n7/video/upload/v1776139459/La_Victoria_Var._III_jzmxei.mp3
035,Ritmica_Dj_Tecno_Electronica,La Victoria Español Var III,con_letra_o_voz,01-FONOGRAMAS/Ritmica_Dj_Tecno_Electronica/035-La_Victoria_Español_Var_III.mp3,02-LETRAS/Ritmica_Dj_Tecno_Electronica/035-La_Victoria_Español_Var_III.txt,https://res.cloudinary.com/dgkruw6n7/video/upload/v1776139448/La_Victoria_Espa%C3%B1ol_Var_III_bkmzjc.mp3
036,Ritmica_Dj_Tecno_Electronica,La Victoria El Laurel de Oro,con_letra_o_voz,01-FONOGRAMAS/Ritmica_Dj_Tecno_Electronica/036-La_Victoria_El_Laurel_de_Oro.mp3,02-LETRAS/Ritmica_Dj_Tecno_Electronica/036-La_Victoria_El_Laurel_de_Oro.txt,https://res.cloudinary.com/dgkruw6n7/video/upload/v1776139358/La_Victoria_El_Laurel_de_Oro_sakwun.mp3
037,Ritmica_Dj_Tecno_Electronica,La Superación El Vuelo del Fénix,con_letra_o_voz,01-FONOGRAMAS/Ritmica_Dj_Tecno_Electronica/037-La_Superación_El_Vuelo_del_Fénix.mp3,02-LETRAS/Ritmica_Dj_Tecno_Electronica/037-La_Superación_El_Vuelo_del_Fénix.txt,https://res.cloudinary.com/dgkruw6n7/video/upload/v1776139418/La_Superaci%C3%B3n_El_Vuelo_del_F%C3%A9nix_zlxydn.mp3
038,Ritmica_Dj_Tecno_Electronica,La Sabiduría Voces Naturales,con_letra_o_voz,01-FONOGRAMAS/Ritmica_Dj_Tecno_Electronica/038-La_Sabiduría_Voces_Naturales.mp3,02-LETRAS/Ritmica_Dj_Tecno_Electronica/038-La_Sabiduría_Voces_Naturales.txt,https://res.cloudinary.com/dgkruw6n7/video/upload/v1776139414/La_Sabidur%C3%ADa_Voces_Naturales_ujvvbf.mp3
039,Ritmica_Dj_Tecno_Electronica,La Sabiduría Versión Mística Etérea,con_letra_o_voz,01-FONOGRAMAS/Ritmica_Dj_Tecno_Electronica/039-La_Sabiduría_Versión_Mística_Etérea.mp3,02-LETRAS/Ritmica_Dj_Tecno_Electronica/039-La_Sabiduría_Versión_Mística_Etérea.txt,https://res.cloudinary.com/dgkruw6n7/video/upload/v1776139465/La_Sabidur%C3%ADa_Versi%C3%B3n_M%C3%ADstica_Et%C3%A9rea_u6wvwi.mp3
040,Ritmica_Dj_Tecno_Electronica,La Sabiduría Equilibrio Místico,con_letra_o_voz,01-FONOGRAMAS/Ritmica_Dj_Tecno_Electronica/040-La_Sabiduría_Equilibrio_Místico.mp3,02-LETRAS/Ritmica_Dj_Tecno_Electronica/040-La_Sabiduría_Equilibrio_Místico.txt,https://res.cloudinary.com/dgkruw6n7/video/upload/v1776139488/La_Sabidur%C3%ADa_Equilibrio_M%C3%ADstico_t2iok4.mp3
041,Ritmica_Dj_Tecno_Electronica,La Sabiduría El Ojo del Tiempo,con_letra_o_voz,01-FONOGRAMAS/Ritmica_Dj_Tecno_Electronica/041-La_Sabiduría_El_Ojo_del_Tiempo.mp3,02-LETRAS/Ritmica_Dj_Tecno_Electronica/041-La_Sabiduría_El_Ojo_del_Tiempo.txt,https://res.cloudinary.com/dgkruw6n7/video/upload/v1776139433/La_Sabidur%C3%ADa_El_Ojo_del_Tiempo_zwiwlm.mp3
042,Ritmica_Dj_Tecno_Electronica,La Paz Celestial,con_letra_o_voz,01-FONOGRAMAS/Ritmica_Dj_Tecno_Electronica/042-La_Paz_Celestial.mp3,02-LETRAS/Ritmica_Dj_Tecno_Electronica/042-La_Paz_Celestial.txt,https://res.cloudinary.com/dgkruw6n7/video/upload/v1776139411/La_Paz__Celestial_lrei2r.mp3
043,Ritmica_Dj_Tecno_Electronica,La Paz Movimiento 19,con_letra_o_voz,01-FONOGRAMAS/Ritmica_Dj_Tecno_Electronica/043-La_Paz_Movimiento_19.mp3,02-LETRAS/Ritmica_Dj_Tecno_Electronica/043-La_Paz_Movimiento_19.txt,https://res.cloudinary.com/dgkruw6n7/video/upload/v1776139374/La_Paz_Movimiento_19_rmvmul.mp3
044,Ritmica_Dj_Tecno_Electronica,La Paz Atmósfera,con_letra_o_voz,01-FONOGRAMAS/Ritmica_Dj_Tecno_Electronica/044-La_Paz_Atmósfera.mp3,02-LETRAS/Ritmica_Dj_Tecno_Electronica/044-La_Paz_Atmósfera.txt,https://res.cloudinary.com/dgkruw6n7/video/upload/v1776139386/La_Paz_Atm%C3%B3sfera_qhdxw7.mp3
045,Ritmica_Dj_Tecno_Electronica,La Libertad Final Extendido,con_letra_o_voz,01-FONOGRAMAS/Ritmica_Dj_Tecno_Electronica/045-La_Libertad_Final_Extendido.mp3,02-LETRAS/Ritmica_Dj_Tecno_Electronica/045-La_Libertad_Final_Extendido.txt,https://res.cloudinary.com/dgkruw6n7/video/upload/v1776139447/La_Libertad_Final_Extendido_d894vi.mp3
046,Ritmica_Dj_Tecno_Electronica,La Eternidad Estruendo Gótico,con_letra_o_voz,01-FONOGRAMAS/Ritmica_Dj_Tecno_Electronica/046-La_Eternidad_Estruendo_Gótico.mp3,02-LETRAS/Ritmica_Dj_Tecno_Electronica/046-La_Eternidad_Estruendo_Gótico.txt,https://res.cloudinary.com/dgkruw6n7/video/upload/v1776139440/La_Eternidad_Estruendo_G%C3%B3tico_cjcdoi.mp3
047,Ritmica_Dj_Tecno_Electronica,La Eternidad Estruendo Gótico V1,con_letra_o_voz,01-FONOGRAMAS/Ritmica_Dj_Tecno_Electronica/047-La_Eternidad_Estruendo_Gótico_V1.mp3,02-LETRAS/Ritmica_Dj_Tecno_Electronica/047-La_Eternidad_Estruendo_Gótico_V1.txt,https://res.cloudinary.com/dgkruw6n7/video/upload/v1776139467/La_Eternidad_Estruendo_G%C3%B3tico_V1_mo6lqv.mp3
048,Ritmica_Dj_Tecno_Electronica,La Eternidad Canto Gregoriano,con_letra_o_voz,01-FONOGRAMAS/Ritmica_Dj_Tecno_Electronica/048-La_Eternidad_Canto_Gregoriano.mp3,02-LETRAS/Ritmica_Dj_Tecno_Electronica/048-La_Eternidad_Canto_Gregoriano.txt,https://res.cloudinary.com/dgkruw6n7/video/upload/v1776139396/La_Eternidad_Canto_Gregoriano_pfcyfe.mp3
049,Ritmica_Dj_Tecno_Electronica,La Eternidad Apoteosis,con_letra_o_voz,01-FONOGRAMAS/Ritmica_Dj_Tecno_Electronica/049-La_Eternidad_Apoteosis.mp3,02-LETRAS/Ritmica_Dj_Tecno_Electronica/049-La_Eternidad_Apoteosis.txt,https://res.cloudinary.com/dgkruw6n7/video/upload/v1776139388/La_Eternidad_Apoteosis_pogjgn.mp3
050,Ritmica_Dj_Tecno_Electronica,La Esperanza El Amanecer Dorado,con_letra_o_voz,01-FONOGRAMAS/Ritmica_Dj_Tecno_Electronica/050-La_Esperanza_El_Amanecer_Dorado.mp3,02-LETRAS/Ritmica_Dj_Tecno_Electronica/050-La_Esperanza_El_Amanecer_Dorado.txt,https://res.cloudinary.com/dgkruw6n7/video/upload/v1776139383/La_Esperanza_El_Amanecer_Dorado_axe4vr.mp3
051,Ritmica_Dj_Tecno_Electronica,La Amistad Gran Coral Operística,con_letra_o_voz,01-FONOGRAMAS/Ritmica_Dj_Tecno_Electronica/051-La_Amistad_Gran_Coral_Operística.mp3,02-LETRAS/Ritmica_Dj_Tecno_Electronica/051-La_Amistad_Gran_Coral_Operística.txt,https://res.cloudinary.com/dgkruw6n7/video/upload/v1776139434/La_Amistad_Gran_Coral_Oper%C3%ADstica_bwl790.mp3
052,Ritmica_Dj_Tecno_Electronica,La Amistad El Escudo de Bronce,con_letra_o_voz,01-FONOGRAMAS/Ritmica_Dj_Tecno_Electronica/052-La_Amistad_El_Escudo_de_Bronce.mp3,02-LETRAS/Ritmica_Dj_Tecno_Electronica/052-La_Amistad_El_Escudo_de_Bronce.txt,https://res.cloudinary.com/dgkruw6n7/video/upload/v1776139395/La_Amistad_El_Escudo_de_Bronce_megu9p.mp3
053,Ritmica_Dj_Tecno_Electronica,Intro Tu Corazón into v7,con_letra_o_voz,01-FONOGRAMAS/Ritmica_Dj_Tecno_Electronica/053-Intro_Tu_Corazón_into_v7.mp3,02-LETRAS/Ritmica_Dj_Tecno_Electronica/053-Intro_Tu_Corazón_into_v7.txt,https://res.cloudinary.com/dgkruw6n7/video/upload/v1776139392/Intro_Tu_Coraz%C3%B3n_into_v7_phy9ui.mp3
054,Ritmica_Dj_Tecno_Electronica,Harmony,con_letra_o_voz,01-FONOGRAMAS/Ritmica_Dj_Tecno_Electronica/054-Harmony.mp3,02-LETRAS/Ritmica_Dj_Tecno_Electronica/054-Harmony.txt,https://res.cloudinary.com/dgkruw6n7/video/upload/v1776139399/Harmony_jbtlep.mp3
055,Ritmica_Dj_Tecno_Electronica,HarmonicPulse,con_letra_o_voz,01-FONOGRAMAS/Ritmica_Dj_Tecno_Electronica/055-HarmonicPulse.mp3,02-LETRAS/Ritmica_Dj_Tecno_Electronica/055-HarmonicPulse.txt,https://res.cloudinary.com/dgkruw6n7/video/upload/v1776139320/HarmonicPulse_loczrf.mp3
056,Ritmica_Dj_Tecno_Electronica,HarmonicFusion1,con_letra_o_voz,01-FONOGRAMAS/Ritmica_Dj_Tecno_Electronica/056-HarmonicFusion1.mp3,02-LETRAS/Ritmica_Dj_Tecno_Electronica/056-HarmonicFusion1.txt,https://res.cloudinary.com/dgkruw6n7/video/upload/v1776139419/HarmonicFusion1_nigf1z.mp3
057,Ritmica_Dj_Tecno_Electronica,Fusion,con_letra_o_voz,01-FONOGRAMAS/Ritmica_Dj_Tecno_Electronica/057-Fusion.mp3,02-LETRAS/Ritmica_Dj_Tecno_Electronica/057-Fusion.txt,https://res.cloudinary.com/dgkruw6n7/video/upload/v1776139416/Fusion_z83gcz.mp3
058,Ritmica_Dj_Tecno_Electronica,FinaleFusion,con_letra_o_voz,01-FONOGRAMAS/Ritmica_Dj_Tecno_Electronica/058-FinaleFusion.mp3,02-LETRAS/Ritmica_Dj_Tecno_Electronica/058-FinaleFusion.txt,https://res.cloudinary.com/dgkruw6n7/video/upload/v1776139367/FinaleFusion_vwruvj.mp3
059,Ritmica_Dj_Tecno_Electronica,Eones de Luz Amor Eterno,con_letra_o_voz,01-FONOGRAMAS/Ritmica_Dj_Tecno_Electronica/059-Eones_de_Luz_Amor_Eterno.mp3,02-LETRAS/Ritmica_Dj_Tecno_Electronica/059-Eones_de_Luz_Amor_Eterno.txt,https://res.cloudinary.com/dgkruw6n7/video/upload/v1776139646/Eones_de_Luz_Amor_Eterno_y8gh2a.mp3
060,Ritmica_Dj_Tecno_Electronica,EntretusBrazos,con_letra_o_voz,01-FONOGRAMAS/Ritmica_Dj_Tecno_Electronica/060-EntretusBrazos.mp3,02-LETRAS/Ritmica_Dj_Tecno_Electronica/060-EntretusBrazos.txt,https://res.cloudinary.com/dgkruw6n7/video/upload/v1776139388/EntretusBrazos_pwyz58.mp3
061,Ritmica_Dj_Tecno_Electronica,EntreSedasyVelos,con_letra_o_voz,01-FONOGRAMAS/Ritmica_Dj_Tecno_Electronica/061-EntreSedasyVelos.mp3,02-LETRAS/Ritmica_Dj_Tecno_Electronica/061-EntreSedasyVelos.txt,https://res.cloudinary.com/dgkruw6n7/video/upload/v1776139320/EntreSedasyVelos_u2lqyc.mp3
062,Ritmica_Dj_Tecno_Electronica,EnergyRising,con_letra_o_voz,01-FONOGRAMAS/Ritmica_Dj_Tecno_Electronica/062-EnergyRising.mp3,02-LETRAS/Ritmica_Dj_Tecno_Electronica/062-EnergyRising.txt,https://res.cloudinary.com/dgkruw6n7/video/upload/v1776139375/EnergyRising_g90ouc.mp3
063,Ritmica_Dj_Tecno_Electronica,EnergiaPura,con_letra_o_voz,01-FONOGRAMAS/Ritmica_Dj_Tecno_Electronica/063-EnergiaPura.mp3,02-LETRAS/Ritmica_Dj_Tecno_Electronica/063-EnergiaPura.txt,https://res.cloudinary.com/dgkruw6n7/video/upload/v1776139327/EnergiaPura_bq1ihn.mp3
064,Ritmica_Dj_Tecno_Electronica,EnCamaraLenta,con_letra_o_voz,01-FONOGRAMAS/Ritmica_Dj_Tecno_Electronica/064-EnCamaraLenta.mp3,02-LETRAS/Ritmica_Dj_Tecno_Electronica/064-EnCamaraLenta.txt,https://res.cloudinary.com/dgkruw6n7/video/upload/v1776139445/EnCamaraLenta_nq0qpv.mp3
065,Ritmica_Dj_Tecno_Electronica,ElectricElegance,con_letra_o_voz,01-FONOGRAMAS/Ritmica_Dj_Tecno_Electronica/065-ElectricElegance.mp3,02-LETRAS/Ritmica_Dj_Tecno_Electronica/065-ElectricElegance.txt,https://res.cloudinary.com/dgkruw6n7/video/upload/v1776139320/ElectricElegance_hyobxu.mp3
066,Ritmica_Dj_Tecno_Electronica,El Veneno Verde Remake Vocal,con_letra_o_voz,01-FONOGRAMAS/Ritmica_Dj_Tecno_Electronica/066-El_Veneno_Verde_Remake_Vocal.mp3,02-LETRAS/Ritmica_Dj_Tecno_Electronica/066-El_Veneno_Verde_Remake_Vocal.txt,https://res.cloudinary.com/dgkruw6n7/video/upload/v1776139358/El_Veneno_Verde_Remake_Vocal_mm63r8.mp3
067,Ritmica_Dj_Tecno_Electronica,El Veneno Verde Puente Corregido,con_letra_o_voz,01-FONOGRAMAS/Ritmica_Dj_Tecno_Electronica/067-El_Veneno_Verde_Puente_Corregido.mp3,02-LETRAS/Ritmica_Dj_Tecno_Electronica/067-El_Veneno_Verde_Puente_Corregido.txt,https://res.cloudinary.com/dgkruw6n7/video/upload/v1776139341/El_Veneno_Verde_Puente_Corregido_zzigqi.mp3
068,Ritmica_Dj_Tecno_Electronica,El Reloj de Piedra Paciencia,con_letra_o_voz,01-FONOGRAMAS/Ritmica_Dj_Tecno_Electronica/068-El_Reloj_de_Piedra_Paciencia.mp3,02-LETRAS/Ritmica_Dj_Tecno_Electronica/068-El_Reloj_de_Piedra_Paciencia.txt,https://res.cloudinary.com/dgkruw6n7/video/upload/v1776139365/El_Reloj_de_Piedra_Paciencia_znnonq.mp3
069,Ritmica_Dj_Tecno_Electronica,El Perdón Luz Blanca,con_letra_o_voz,01-FONOGRAMAS/Ritmica_Dj_Tecno_Electronica/069-El_Perdón_Luz_Blanca.mp3,02-LETRAS/Ritmica_Dj_Tecno_Electronica/069-El_Perdón_Luz_Blanca.txt,https://res.cloudinary.com/dgkruw6n7/video/upload/v1776139488/El_Perd%C3%B3n_Luz_Blanca_fkqw5c.mp3
070,Ritmica_Dj_Tecno_Electronica,El Gran Yo Soy,con_letra_o_voz,01-FONOGRAMAS/Ritmica_Dj_Tecno_Electronica/070-El_Gran_Yo_Soy.mp3,02-LETRAS/Ritmica_Dj_Tecno_Electronica/070-El_Gran_Yo_Soy.txt,https://res.cloudinary.com/dgkruw6n7/video/upload/v1776139360/El_Gran_Yo_Soy_dhjdim.mp3
071,Ritmica_Dj_Tecno_Electronica,El Desamor Final Extendido,con_letra_o_voz,01-FONOGRAMAS/Ritmica_Dj_Tecno_Electronica/071-El_Desamor_Final_Extendido.mp3,02-LETRAS/Ritmica_Dj_Tecno_Electronica/071-El_Desamor_Final_Extendido.txt,https://res.cloudinary.com/dgkruw6n7/video/upload/v1776139649/El_Desamor_Final_Extendido_xxvis3.mp3
072,Ritmica_Dj_Tecno_Electronica,El Ascenso Resiliencia,con_letra_o_voz,01-FONOGRAMAS/Ritmica_Dj_Tecno_Electronica/072-El_Ascenso_Resiliencia.mp3,02-LETRAS/Ritmica_Dj_Tecno_Electronica/072-El_Ascenso_Resiliencia.txt,https://res.cloudinary.com/dgkruw6n7/video/upload/v1776139446/El_Ascenso_Resiliencia_gnlvkh.mp3
073,Ritmica_Dj_Tecno_Electronica,El Altar del Sacrificio,con_letra_o_voz,01-FONOGRAMAS/Ritmica_Dj_Tecno_Electronica/073-El_Altar_del_Sacrificio.mp3,02-LETRAS/Ritmica_Dj_Tecno_Electronica/073-El_Altar_del_Sacrificio.txt,https://res.cloudinary.com/dgkruw6n7/video/upload/v1776139487/El_Altar_del_Sacrificio_xhz6s3.mp3
074,Ritmica_Dj_Tecno_Electronica,Eclipse,con_letra_o_voz,01-FONOGRAMAS/Ritmica_Dj_Tecno_Electronica/074-Eclipse.mp3,02-LETRAS/Ritmica_Dj_Tecno_Electronica/074-Eclipse.txt,https://res.cloudinary.com/dgkruw6n7/video/upload/v1776139440/Eclipse_zdp6e0.mp3
075,Ritmica_Dj_Tecno_Electronica,Eclipsado,con_letra_o_voz,01-FONOGRAMAS/Ritmica_Dj_Tecno_Electronica/075-Eclipsado.mp3,02-LETRAS/Ritmica_Dj_Tecno_Electronica/075-Eclipsado.txt,https://res.cloudinary.com/dgkruw6n7/video/upload/v1776139431/Eclipsado_w3eavw.mp3
076,Ritmica_Dj_Tecno_Electronica,Echoes,con_letra_o_voz,01-FONOGRAMAS/Ritmica_Dj_Tecno_Electronica/076-Echoes.mp3,02-LETRAS/Ritmica_Dj_Tecno_Electronica/076-Echoes.txt,https://res.cloudinary.com/dgkruw6n7/video/upload/v1776139336/Echoes_e4tpxe.mp3
077,Ritmica_Dj_Tecno_Electronica,DesiertoMagico,con_letra_o_voz,01-FONOGRAMAS/Ritmica_Dj_Tecno_Electronica/077-DesiertoMagico.mp3,02-LETRAS/Ritmica_Dj_Tecno_Electronica/077-DesiertoMagico.txt,https://res.cloudinary.com/dgkruw6n7/video/upload/v1776139330/DesiertoMagico_oag95t.mp3
078,Ritmica_Dj_Tecno_Electronica,CuandoBailasAsi,con_letra_o_voz,01-FONOGRAMAS/Ritmica_Dj_Tecno_Electronica/078-CuandoBailasAsi.mp3,02-LETRAS/Ritmica_Dj_Tecno_Electronica/078-CuandoBailasAsi.txt,https://res.cloudinary.com/dgkruw6n7/video/upload/v1776139331/CuandoBailasAsi_mjudwp.mp3
079,Ritmica_Dj_Tecno_Electronica,ComoSeda,con_letra_o_voz,01-FONOGRAMAS/Ritmica_Dj_Tecno_Electronica/079-ComoSeda.mp3,02-LETRAS/Ritmica_Dj_Tecno_Electronica/079-ComoSeda.txt,https://res.cloudinary.com/dgkruw6n7/video/upload/v1776139346/ComoSeda_bxopmd.mp3
080,Ritmica_Dj_Tecno_Electronica,CinematicResonance,con_letra_o_voz,01-FONOGRAMAS/Ritmica_Dj_Tecno_Electronica/080-CinematicResonance.mp3,02-LETRAS/Ritmica_Dj_Tecno_Electronica/080-CinematicResonance.txt,https://res.cloudinary.com/dgkruw6n7/video/upload/v1776139376/CinematicResonance_sim6zs.mp3
081,Ritmica_Dj_Tecno_Electronica,Cadenas de Fuego,con_letra_o_voz,01-FONOGRAMAS/Ritmica_Dj_Tecno_Electronica/081-Cadenas_de_Fuego.mp3,02-LETRAS/Ritmica_Dj_Tecno_Electronica/081-Cadenas_de_Fuego.txt,https://res.cloudinary.com/dgkruw6n7/video/upload/v1776139338/Cadenas_de_Fuego_b1dgd7.mp3
082,Ritmica_Dj_Tecno_Electronica,BajoEstrellasdelDesierto,con_letra_o_voz,01-FONOGRAMAS/Ritmica_Dj_Tecno_Electronica/082-BajoEstrellasdelDesierto.mp3,02-LETRAS/Ritmica_Dj_Tecno_Electronica/082-BajoEstrellasdelDesierto.txt,https://res.cloudinary.com/dgkruw6n7/video/upload/v1776139335/BajoEstrellasdelDesierto_hvosui.mp3
083,Ritmica_Dj_Tecno_Electronica,BailemosEstaNoche,con_letra_o_voz,01-FONOGRAMAS/Ritmica_Dj_Tecno_Electronica/083-BailemosEstaNoche.mp3,02-LETRAS/Ritmica_Dj_Tecno_Electronica/083-BailemosEstaNoche.txt,https://res.cloudinary.com/dgkruw6n7/video/upload/v1776139360/BailemosEstaNoche_uqwi94.mp3
084,Ritmica_Dj_Tecno_Electronica,BaileSeductor,con_letra_o_voz,01-FONOGRAMAS/Ritmica_Dj_Tecno_Electronica/084-BaileSeductor.mp3,02-LETRAS/Ritmica_Dj_Tecno_Electronica/084-BaileSeductor.txt,https://res.cloudinary.com/dgkruw6n7/video/upload/v1776139371/BaileSeductor_zjtmzz.mp3
085,Ritmica_Dj_Tecno_Electronica,AdiosalaTormenta,con_letra_o_voz,01-FONOGRAMAS/Ritmica_Dj_Tecno_Electronica/085-AdiosalaTormenta.mp3,02-LETRAS/Ritmica_Dj_Tecno_Electronica/085-AdiosalaTormenta.txt,https://res.cloudinary.com/dgkruw6n7/video/upload/v1776139468/AdiosalaTormenta_q5i37w.mp3
001,Rock_Sinfonic_Metal_Gotica,WhoWroteTheseWords,con_letra_o_voz,01-FONOGRAMAS/Rock_Sinfonic_Metal_Gotica/001-WhoWroteTheseWords.mp3,02-LETRAS/Rock_Sinfonic_Metal_Gotica/001-WhoWroteTheseWords.txt,https://res.cloudinary.com/dgkruw6n7/video/upload/v1776123874/WhoWroteTheseWords_dtzler.mp3
002,Rock_Sinfonic_Metal_Gotica,VelodeSombras,con_letra_o_voz,01-FONOGRAMAS/Rock_Sinfonic_Metal_Gotica/002-VelodeSombras.mp3,02-LETRAS/Rock_Sinfonic_Metal_Gotica/002-VelodeSombras.txt,https://res.cloudinary.com/dgkruw6n7/video/upload/v1776123891/VelodeSombras_xxun4b.mp3
003,Rock_Sinfonic_Metal_Gotica,ValientesdelMar,con_letra_o_voz,01-FONOGRAMAS/Rock_Sinfonic_Metal_Gotica/003-ValientesdelMar.mp3,02-LETRAS/Rock_Sinfonic_Metal_Gotica/003-ValientesdelMar.txt,https://res.cloudinary.com/dgkruw6n7/video/upload/v1776123862/ValientesdelMar_juzv5e.mp3
004,Rock_Sinfonic_Metal_Gotica,Unbound,con_letra_o_voz,01-FONOGRAMAS/Rock_Sinfonic_Metal_Gotica/004-Unbound.mp3,02-LETRAS/Rock_Sinfonic_Metal_Gotica/004-Unbound.txt,https://res.cloudinary.com/dgkruw6n7/video/upload/v1776123895/Unbound_srbkzh.mp3
005,Rock_Sinfonic_Metal_Gotica,TraslaTormenta,con_letra_o_voz,01-FONOGRAMAS/Rock_Sinfonic_Metal_Gotica/005-TraslaTormenta.mp3,02-LETRAS/Rock_Sinfonic_Metal_Gotica/005-TraslaTormenta.txt,https://res.cloudinary.com/dgkruw6n7/video/upload/v1776123866/TraslaTormenta_xtoagf.mp3
006,Rock_Sinfonic_Metal_Gotica,TearsofAcceptance,con_letra_o_voz,01-FONOGRAMAS/Rock_Sinfonic_Metal_Gotica/006-TearsofAcceptance.mp3,02-LETRAS/Rock_Sinfonic_Metal_Gotica/006-TearsofAcceptance.txt,https://res.cloudinary.com/dgkruw6n7/video/upload/v1776123842/TearsofAcceptance_ovlgmt.mp3
007,Rock_Sinfonic_Metal_Gotica,TeEncontrare,con_letra_o_voz,01-FONOGRAMAS/Rock_Sinfonic_Metal_Gotica/007-TeEncontrare.mp3,02-LETRAS/Rock_Sinfonic_Metal_Gotica/007-TeEncontrare.txt,https://res.cloudinary.com/dgkruw6n7/video/upload/v1776123845/TeEncontrare_bmkl8v.mp3
008,Rock_Sinfonic_Metal_Gotica,SenderodeLuz,con_letra_o_voz,01-FONOGRAMAS/Rock_Sinfonic_Metal_Gotica/008-SenderodeLuz.mp3,02-LETRAS/Rock_Sinfonic_Metal_Gotica/008-SenderodeLuz.txt,https://res.cloudinary.com/dgkruw6n7/video/upload/v1776123823/SenderodeLuz_dbqmgt.mp3
009,Rock_Sinfonic_Metal_Gotica,Sangre y Luna,con_letra_o_voz,01-FONOGRAMAS/Rock_Sinfonic_Metal_Gotica/009-Sangre_y_Luna.mp3,02-LETRAS/Rock_Sinfonic_Metal_Gotica/009-Sangre_y_Luna.txt,https://res.cloudinary.com/dgkruw6n7/video/upload/v1776123839/Sangre_y_Luna_gdbcrw.mp3
010,Rock_Sinfonic_Metal_Gotica,Sangre y Luna Voces Suaves,con_letra_o_voz,01-FONOGRAMAS/Rock_Sinfonic_Metal_Gotica/010-Sangre_y_Luna_Voces_Suaves.mp3,02-LETRAS/Rock_Sinfonic_Metal_Gotica/010-Sangre_y_Luna_Voces_Suaves.txt,https://res.cloudinary.com/dgkruw6n7/video/upload/v1776123827/Sangre_y_Luna_Voces_Suaves_krgjgl.mp3
011,Rock_Sinfonic_Metal_Gotica,Sangre y Luna Versión Más Oscura e Intensa,con_letra_o_voz,01-FONOGRAMAS/Rock_Sinfonic_Metal_Gotica/011-Sangre_y_Luna_Versión_Más_Oscura_e_Intensa.mp3,02-LETRAS/Rock_Sinfonic_Metal_Gotica/011-Sangre_y_Luna_Versión_Más_Oscura_e_Intensa.txt,https://res.cloudinary.com/dgkruw6n7/video/upload/v1776123815/Sangre_y_Luna_Versi%C3%B3n_M%C3%A1s_Oscura_e_Intensa_rw2nkj.mp3
012,Rock_Sinfonic_Metal_Gotica,Sangre y Luna Instrumental,instrumental,01-FONOGRAMAS/Rock_Sinfonic_Metal_Gotica/012-Sangre_y_Luna_Instrumental.mp3,02-LETRAS/Rock_Sinfonic_Metal_Gotica/012-Sangre_y_Luna_Instrumental.txt,https://res.cloudinary.com/dgkruw6n7/video/upload/v1776123805/Sangre_y_Luna_Instrumental_fioz7a.mp3
013,Rock_Sinfonic_Metal_Gotica,Robaste mi alma,con_letra_o_voz,01-FONOGRAMAS/Rock_Sinfonic_Metal_Gotica/013-Robaste_mi_alma.mp3,02-LETRAS/Rock_Sinfonic_Metal_Gotica/013-Robaste_mi_alma.txt,https://res.cloudinary.com/dgkruw6n7/video/upload/v1776123804/Robaste_mi_alma_nomhc6.mp3
014,Rock_Sinfonic_Metal_Gotica,Robaste mi alma Chorus,con_letra_o_voz,01-FONOGRAMAS/Rock_Sinfonic_Metal_Gotica/014-Robaste_mi_alma_Chorus.mp3,02-LETRAS/Rock_Sinfonic_Metal_Gotica/014-Robaste_mi_alma_Chorus.txt,https://res.cloudinary.com/dgkruw6n7/video/upload/v1776123829/Robaste_mi_alma_Chorus_vwrcd1.mp3
015,Rock_Sinfonic_Metal_Gotica,Penumbra Vocal swap,con_letra_o_voz,01-FONOGRAMAS/Rock_Sinfonic_Metal_Gotica/015-Penumbra_Vocal_swap.mp3,02-LETRAS/Rock_Sinfonic_Metal_Gotica/015-Penumbra_Vocal_swap.txt,https://res.cloudinary.com/dgkruw6n7/video/upload/v1776123782/Penumbra_Vocal_swap_whw5tj.mp3
016,Rock_Sinfonic_Metal_Gotica,MusasEternas,con_letra_o_voz,01-FONOGRAMAS/Rock_Sinfonic_Metal_Gotica/016-MusasEternas.mp3,02-LETRAS/Rock_Sinfonic_Metal_Gotica/016-MusasEternas.txt,https://res.cloudinary.com/dgkruw6n7/video/upload/v1776123784/MusasEternas_bbabvo.mp3
017,Rock_Sinfonic_Metal_Gotica,MasAlladelaPiel,con_letra_o_voz,01-FONOGRAMAS/Rock_Sinfonic_Metal_Gotica/017-MasAlladelaPiel.mp3,02-LETRAS/Rock_Sinfonic_Metal_Gotica/017-MasAlladelaPiel.txt,https://res.cloudinary.com/dgkruw6n7/video/upload/v1776123781/MasAlladelaPiel_qzyvpg.mp3
018,Rock_Sinfonic_Metal_Gotica,Juntoati,con_letra_o_voz,01-FONOGRAMAS/Rock_Sinfonic_Metal_Gotica/018-Juntoati.mp3,02-LETRAS/Rock_Sinfonic_Metal_Gotica/018-Juntoati.txt,https://res.cloudinary.com/dgkruw6n7/video/upload/v1776123752/Juntoati_boe2oy.mp3
019,Rock_Sinfonic_Metal_Gotica,Inferno,con_letra_o_voz,01-FONOGRAMAS/Rock_Sinfonic_Metal_Gotica/019-Inferno.mp3,02-LETRAS/Rock_Sinfonic_Metal_Gotica/019-Inferno.txt,https://res.cloudinary.com/dgkruw6n7/video/upload/v1776123754/Inferno_c5hgfu.mp3
020,Rock_Sinfonic_Metal_Gotica,Eterno Suspiro,con_letra_o_voz,01-FONOGRAMAS/Rock_Sinfonic_Metal_Gotica/020-Eterno_Suspiro.mp3,02-LETRAS/Rock_Sinfonic_Metal_Gotica/020-Eterno_Suspiro.txt,https://res.cloudinary.com/dgkruw6n7/video/upload/v1776123752/Eterno_Suspiro_yznejk.mp3
021,Rock_Sinfonic_Metal_Gotica,Eluniversoseabrio,con_letra_o_voz,01-FONOGRAMAS/Rock_Sinfonic_Metal_Gotica/021-Eluniversoseabrio.mp3,02-LETRAS/Rock_Sinfonic_Metal_Gotica/021-Eluniversoseabrio.txt,https://res.cloudinary.com/dgkruw6n7/video/upload/v1776123766/Eluniversoseabrio_pvgtmm.mp3
022,Rock_Sinfonic_Metal_Gotica,Elamorquesefue,con_letra_o_voz,01-FONOGRAMAS/Rock_Sinfonic_Metal_Gotica/022-Elamorquesefue.mp3,02-LETRAS/Rock_Sinfonic_Metal_Gotica/022-Elamorquesefue.txt,https://res.cloudinary.com/dgkruw6n7/video/upload/v1776123736/Elamorquesefue_v0sukk.mp3
023,Rock_Sinfonic_Metal_Gotica,DeseoEterno,con_letra_o_voz,01-FONOGRAMAS/Rock_Sinfonic_Metal_Gotica/023-DeseoEterno.mp3,02-LETRAS/Rock_Sinfonic_Metal_Gotica/023-DeseoEterno.txt,https://res.cloudinary.com/dgkruw6n7/video/upload/v1776123714/DeseoEterno_tttlsd.mp3
024,Rock_Sinfonic_Metal_Gotica,DeseoEterno1,con_letra_o_voz,01-FONOGRAMAS/Rock_Sinfonic_Metal_Gotica/024-DeseoEterno1.mp3,02-LETRAS/Rock_Sinfonic_Metal_Gotica/024-DeseoEterno1.txt,https://res.cloudinary.com/dgkruw6n7/video/upload/v1776123726/DeseoEterno1_koud8l.mp3
025,Rock_Sinfonic_Metal_Gotica,Catedral de Espera Rock Sinfónico Gótico,con_letra_o_voz,01-FONOGRAMAS/Rock_Sinfonic_Metal_Gotica/025-Catedral_de_Espera_Rock_Sinfónico_Gótico.mp3,02-LETRAS/Rock_Sinfonic_Metal_Gotica/025-Catedral_de_Espera_Rock_Sinfónico_Gótico.txt,https://res.cloudinary.com/dgkruw6n7/video/upload/v1776123726/Catedral_de_Espera_Rock_Sinf%C3%B3nico_G%C3%B3tico_yk30ms.mp3
026,Rock_Sinfonic_Metal_Gotica,CaminoalaLibertad,con_letra_o_voz,01-FONOGRAMAS/Rock_Sinfonic_Metal_Gotica/026-CaminoalaLibertad.mp3,02-LETRAS/Rock_Sinfonic_Metal_Gotica/026-CaminoalaLibertad.txt,https://res.cloudinary.com/dgkruw6n7/video/upload/v1776123903/CaminoalaLibertad_z0j5so.mp3
027,Rock_Sinfonic_Metal_Gotica,BajoelCielodeParis,con_letra_o_voz,01-FONOGRAMAS/Rock_Sinfonic_Metal_Gotica/027-BajoelCielodeParis.mp3,02-LETRAS/Rock_Sinfonic_Metal_Gotica/027-BajoelCielodeParis.txt,https://res.cloudinary.com/dgkruw6n7/video/upload/v1776123773/BajoelCielodeParis_rpycqr.mp3
028,Rock_Sinfonic_Metal_Gotica,AwakenedVerses,con_letra_o_voz,01-FONOGRAMAS/Rock_Sinfonic_Metal_Gotica/028-AwakenedVerses.mp3,02-LETRAS/Rock_Sinfonic_Metal_Gotica/028-AwakenedVerses.txt,https://res.cloudinary.com/dgkruw6n7/video/upload/v1776123698/AwakenedVerses_nl1m5d.mp3
029,Rock_Sinfonic_Metal_Gotica,Ashes to Crown,con_letra_o_voz,01-FONOGRAMAS/Rock_Sinfonic_Metal_Gotica/029-Ashes_to_Crown.mp3,02-LETRAS/Rock_Sinfonic_Metal_Gotica/029-Ashes_to_Crown.txt,https://res.cloudinary.com/dgkruw6n7/video/upload/v1776123724/Ashes_to_Crown_znxh9i.mp3
030,Rock_Sinfonic_Metal_Gotica,Ascendancy,con_letra_o_voz,01-FONOGRAMAS/Rock_Sinfonic_Metal_Gotica/030-Ascendancy.mp3,02-LETRAS/Rock_Sinfonic_Metal_Gotica/030-Ascendancy.txt,https://res.cloudinary.com/dgkruw6n7/video/upload/v1776123699/Ascendancy_z5js0e.mp3
031,Rock_Sinfonic_Metal_Gotica,AmorenSilencio,con_letra_o_voz,01-FONOGRAMAS/Rock_Sinfonic_Metal_Gotica/031-AmorenSilencio.mp3,02-LETRAS/Rock_Sinfonic_Metal_Gotica/031-AmorenSilencio.txt,https://res.cloudinary.com/dgkruw6n7/video/upload/v1776123893/AmorenSilencio_muvj6m.mp3
032,Rock_Sinfonic_Metal_Gotica,AmorenSilencio1,con_letra_o_voz,01-FONOGRAMAS/Rock_Sinfonic_Metal_Gotica/032-AmorenSilencio1.mp3,02-LETRAS/Rock_Sinfonic_Metal_Gotica/032-AmorenSilencio1.txt,https://res.cloudinary.com/dgkruw6n7/video/upload/v1776123899/AmorenSilencio1_uruwcm.mp3
033,Rock_Sinfonic_Metal_Gotica,AmorSinCulpa,con_letra_o_voz,01-FONOGRAMAS/Rock_Sinfonic_Metal_Gotica/033-AmorSinCulpa.mp3,02-LETRAS/Rock_Sinfonic_Metal_Gotica/033-AmorSinCulpa.txt,https://res.cloudinary.com/dgkruw6n7/video/upload/v1776123905/AmorSinCulpa_upnhso.mp3
034,Rock_Sinfonic_Metal_Gotica,AmorEterno,con_letra_o_voz,01-FONOGRAMAS/Rock_Sinfonic_Metal_Gotica/034-AmorEterno.mp3,02-LETRAS/Rock_Sinfonic_Metal_Gotica/034-AmorEterno.txt,https://res.cloudinary.com/dgkruw6n7/video/upload/v1776123894/AmorEterno_bot4so.mp3
035,Rock_Sinfonic_Metal_Gotica,AdiosInevitable,con_letra_o_voz,01-FONOGRAMAS/Rock_Sinfonic_Metal_Gotica/035-AdiosInevitable.mp3,02-LETRAS/Rock_Sinfonic_Metal_Gotica/035-AdiosInevitable.txt,https://res.cloudinary.com/dgkruw6n7/video/upload/v1776123875/AdiosInevitable_amwh85.mp3
001,Sentimiento_Musical_Multilingue,조용한 저녁 KOREANO V1,con_letra_o_voz,01-FONOGRAMAS/Sentimiento_Musical_Multilingue/001-조용한_저녁_KOREANO_V1.mp3,02-LETRAS/Sentimiento_Musical_Multilingue/001-조용한_저녁_KOREANO_V1.txt,https://res.cloudinary.com/dgkruw6n7/video/upload/v1776139882/%EC%A1%B0%EC%9A%A9%ED%95%9C_%EC%A0%80%EB%85%81_KOREANO_V1_mpztc8.mp3
002,Sentimiento_Musical_Multilingue,夕暮れの約束 JAPANESE V2,con_letra_o_voz,01-FONOGRAMAS/Sentimiento_Musical_Multilingue/002-夕暮れの約束_JAPANESE_V2.mp3,02-LETRAS/Sentimiento_Musical_Multilingue/002-夕暮れの約束_JAPANESE_V2.txt,https://res.cloudinary.com/dgkruw6n7/video/upload/v1776139885/%E5%A4%95%E6%9A%AE%E3%82%8C%E3%81%AE%E7%B4%84%E6%9D%9F_JAPANESE_V2_ctldtv.mp3
003,Sentimiento_Musical_Multilingue,夕暮れの約束 JAPANESE V1,con_letra_o_voz,01-FONOGRAMAS/Sentimiento_Musical_Multilingue/003-夕暮れの約束_JAPANESE_V1.mp3,02-LETRAS/Sentimiento_Musical_Multilingue/003-夕暮れの約束_JAPANESE_V1.txt,https://res.cloudinary.com/dgkruw6n7/video/upload/v1776139885/%E5%A4%95%E6%9A%AE%E3%82%8C%E3%81%AE%E7%B4%84%E6%9D%9F_JAPANESE_V1_s53kiu.mp3
004,Sentimiento_Musical_Multilingue,你是风雨中的阳光 CHINA V1,con_letra_o_voz,01-FONOGRAMAS/Sentimiento_Musical_Multilingue/004-你是风雨中的阳光_CHINA_V1.mp3,02-LETRAS/Sentimiento_Musical_Multilingue/004-你是风雨中的阳光_CHINA_V1.txt,https://res.cloudinary.com/dgkruw6n7/video/upload/v1776139881/%E4%BD%A0%E6%98%AF%E9%A3%8E%E9%9B%A8%E4%B8%AD%E7%9A%84%E9%98%B3%E5%85%89_CHINA_V1_scdltf.mp3
005,Sentimiento_Musical_Multilingue,तू मेरा प्यार HINDI V2,con_letra_o_voz,01-FONOGRAMAS/Sentimiento_Musical_Multilingue/005-त_मर_पयर_HINDI_V2.mp3,02-LETRAS/Sentimiento_Musical_Multilingue/005-त_मर_पयर_HINDI_V2.txt,https://res.cloudinary.com/dgkruw6n7/video/upload/v1776139884/%E0%A4%A4%E0%A5%82_%E0%A4%AE%E0%A5%87%E0%A4%B0%E0%A4%BE_%E0%A4%AA%E0%A5%8D%E0%A4%AF%E0%A4%BE%E0%A4%B0_HINDI_V2_eepv8l.mp3
006,Sentimiento_Musical_Multilingue,तू मेरा प्यार HINDI V1,con_letra_o_voz,01-FONOGRAMAS/Sentimiento_Musical_Multilingue/006-त_मर_पयर_HINDI_V1.mp3,02-LETRAS/Sentimiento_Musical_Multilingue/006-त_मर_पयर_HINDI_V1.txt,https://res.cloudinary.com/dgkruw6n7/video/upload/v1776139884/%E0%A4%A4%E0%A5%82_%E0%A4%AE%E0%A5%87%E0%A4%B0%E0%A4%BE_%E0%A4%AA%E0%A5%8D%E0%A4%AF%E0%A4%BE%E0%A4%B0_HINDI_V1_ddvltf.mp3
007,Sentimiento_Musical_Multilingue,أنت النور ÁRABE V2,con_letra_o_voz,01-FONOGRAMAS/Sentimiento_Musical_Multilingue/007-أنت_النور_ÁRABE_V2.mp3,02-LETRAS/Sentimiento_Musical_Multilingue/007-أنت_النور_ÁRABE_V2.txt,https://res.cloudinary.com/dgkruw6n7/video/upload/v1776139884/%D8%A3%D9%86%D8%AA_%D8%A7%D9%84%D9%86%D9%88%D8%B1_%C3%81RABE_V2_hj13qv.mp3
008,Sentimiento_Musical_Multilingue,أنت النور ÁRABE V1,con_letra_o_voz,01-FONOGRAMAS/Sentimiento_Musical_Multilingue/008-أنت_النور_ÁRABE_V1.mp3,02-LETRAS/Sentimiento_Musical_Multilingue/008-أنت_النور_ÁRABE_V1.txt,https://res.cloudinary.com/dgkruw6n7/video/upload/v1776139883/%D8%A3%D9%86%D8%AA_%D8%A7%D9%84%D9%86%D9%88%D8%B1_%C3%81RABE_V1_mztj9z.mp3
009,Sentimiento_Musical_Multilingue,אור בסערה HEBREO V2,con_letra_o_voz,01-FONOGRAMAS/Sentimiento_Musical_Multilingue/009-אור_בסערה_HEBREO_V2.mp3,02-LETRAS/Sentimiento_Musical_Multilingue/009-אור_בסערה_HEBREO_V2.txt,https://res.cloudinary.com/dgkruw6n7/video/upload/v1776139877/%D7%90%D7%95%D7%A8_%D7%91%D7%A1%D7%A2%D7%A8%D7%94_HEBREO_V2_pylst9.mp3
010,Sentimiento_Musical_Multilingue,אור בסערה HEBREO V1,con_letra_o_voz,01-FONOGRAMAS/Sentimiento_Musical_Multilingue/010-אור_בסערה_HEBREO_V1.mp3,02-LETRAS/Sentimiento_Musical_Multilingue/010-אור_בסערה_HEBREO_V1.txt,https://res.cloudinary.com/dgkruw6n7/video/upload/v1776139876/%D7%90%D7%95%D7%A8_%D7%91%D7%A1%D7%A2%D7%A8%D7%94_HEBREO_V1_ws7uou.mp3
011,Sentimiento_Musical_Multilingue,Тихий Вечер RUSO V2,con_letra_o_voz,01-FONOGRAMAS/Sentimiento_Musical_Multilingue/011-Тихий_Вечер_RUSO_V2.mp3,02-LETRAS/Sentimiento_Musical_Multilingue/011-Тихий_Вечер_RUSO_V2.txt,https://res.cloudinary.com/dgkruw6n7/video/upload/v1776139854/%D0%A2%D0%B8%D1%85%D0%B8%D0%B9_%D0%92%D0%B5%D1%87%D0%B5%D1%80_RUSO_V2_kp9gas.mp3
012,Sentimiento_Musical_Multilingue,Тихий Вечер RUSO V1,con_letra_o_voz,01-FONOGRAMAS/Sentimiento_Musical_Multilingue/012-Тихий_Вечер_RUSO_V1.mp3,02-LETRAS/Sentimiento_Musical_Multilingue/012-Тихий_Вечер_RUSO_V1.txt,https://res.cloudinary.com/dgkruw6n7/video/upload/v1776139855/%D0%A2%D0%B8%D1%85%D0%B8%D0%B9_%D0%92%D0%B5%D1%87%D0%B5%D1%80_RUSO_V1_xju9ir.mp3
013,Sentimiento_Musical_Multilingue,Στο Σπίτι Μου GRECIA V2,con_letra_o_voz,01-FONOGRAMAS/Sentimiento_Musical_Multilingue/013-Στο_Σπίτι_Μου_GRECIA_V2.mp3,02-LETRAS/Sentimiento_Musical_Multilingue/013-Στο_Σπίτι_Μου_GRECIA_V2.txt,https://res.cloudinary.com/dgkruw6n7/video/upload/v1776139874/%CE%A3%CF%84%CE%BF_%CE%A3%CF%80%CE%AF%CF%84%CE%B9_%CE%9C%CE%BF%CF%85_GRECIA_V2_jckpmj.mp3
014,Sentimiento_Musical_Multilingue,Στο Σπίτι Μου GRECIA V1,con_letra_o_voz,01-FONOGRAMAS/Sentimiento_Musical_Multilingue/014-Στο_Σπίτι_Μου_GRECIA_V1.mp3,02-LETRAS/Sentimiento_Musical_Multilingue/014-Στο_Σπίτι_Μου_GRECIA_V1.txt,https://res.cloudinary.com/dgkruw6n7/video/upload/v1776139873/%CE%A3%CF%84%CE%BF_%CE%A3%CF%80%CE%AF%CF%84%CE%B9_%CE%9C%CE%BF%CF%85_GRECIA_V1_mwgcvo.mp3
015,Sentimiento_Musical_Multilingue,WhoWroteTheseWords,con_letra_o_voz,01-FONOGRAMAS/Sentimiento_Musical_Multilingue/015-WhoWroteTheseWords.mp3,02-LETRAS/Sentimiento_Musical_Multilingue/015-WhoWroteTheseWords.txt,https://res.cloudinary.com/dgkruw6n7/video/upload/v1776139875/WhoWroteTheseWords_wt6bsh.mp3
016,Sentimiento_Musical_Multilingue,Unser Schicksal DEUTSCH V2,con_letra_o_voz,01-FONOGRAMAS/Sentimiento_Musical_Multilingue/016-Unser_Schicksal_DEUTSCH_V2.mp3,02-LETRAS/Sentimiento_Musical_Multilingue/016-Unser_Schicksal_DEUTSCH_V2.txt,https://res.cloudinary.com/dgkruw6n7/video/upload/v1776139877/Unser_Schicksal_DEUTSCH_V2_auu6yx.mp3
017,Sentimiento_Musical_Multilingue,Unser Schicksal DEUTSCH V1,con_letra_o_voz,01-FONOGRAMAS/Sentimiento_Musical_Multilingue/017-Unser_Schicksal_DEUTSCH_V1.mp3,02-LETRAS/Sentimiento_Musical_Multilingue/017-Unser_Schicksal_DEUTSCH_V1.txt,https://res.cloudinary.com/dgkruw6n7/video/upload/v1776139876/Unser_Schicksal_DEUTSCH_V1_divfpf.mp3
018,Sentimiento_Musical_Multilingue,Universal Live Jazz Ballad,con_letra_o_voz,01-FONOGRAMAS/Sentimiento_Musical_Multilingue/018-Universal_Live_Jazz_Ballad.mp3,02-LETRAS/Sentimiento_Musical_Multilingue/018-Universal_Live_Jazz_Ballad.txt,https://res.cloudinary.com/dgkruw6n7/video/upload/v1776139877/Universal_Live_Jazz_Ballad_hlw9zp.mp3
019,Sentimiento_Musical_Multilingue,Universal Acoustic Ballad Instrumental,instrumental,01-FONOGRAMAS/Sentimiento_Musical_Multilingue/019-Universal_Acoustic_Ballad_Instrumental.mp3,02-LETRAS/Sentimiento_Musical_Multilingue/019-Universal_Acoustic_Ballad_Instrumental.txt,https://res.cloudinary.com/dgkruw6n7/video/upload/v1776139879/Universal_Acoustic_Ballad_Instrumental_e8b1al.mp3
020,Sentimiento_Musical_Multilingue,Unbound,con_letra_o_voz,01-FONOGRAMAS/Sentimiento_Musical_Multilingue/020-Unbound.mp3,02-LETRAS/Sentimiento_Musical_Multilingue/020-Unbound.txt,https://res.cloudinary.com/dgkruw6n7/video/upload/v1776139874/Unbound_j3lgqt.mp3
021,Sentimiento_Musical_Multilingue,Tempus Te Mecum LATIN,con_letra_o_voz,01-FONOGRAMAS/Sentimiento_Musical_Multilingue/021-Tempus_Te_Mecum_LATIN.mp3,02-LETRAS/Sentimiento_Musical_Multilingue/021-Tempus_Te_Mecum_LATIN.txt,https://res.cloudinary.com/dgkruw6n7/video/upload/v1776139884/Tempus_Te_Mecum_LATIN_peqtfx.mp3
022,Sentimiento_Musical_Multilingue,Tempus Te Mecum LATIN V1,con_letra_o_voz,01-FONOGRAMAS/Sentimiento_Musical_Multilingue/022-Tempus_Te_Mecum_LATIN_V1.mp3,02-LETRAS/Sentimiento_Musical_Multilingue/022-Tempus_Te_Mecum_LATIN_V1.txt,https://res.cloudinary.com/dgkruw6n7/video/upload/v1776139886/Tempus_Te_Mecum_LATIN_V1_iw06lr.mp3
023,Sentimiento_Musical_Multilingue,Tempus Te Mecum LATINO,con_letra_o_voz,01-FONOGRAMAS/Sentimiento_Musical_Multilingue/023-Tempus_Te_Mecum_LATINO.mp3,02-LETRAS/Sentimiento_Musical_Multilingue/023-Tempus_Te_Mecum_LATINO.txt,https://res.cloudinary.com/dgkruw6n7/video/upload/v1776139884/Tempus_Te_Mecum_LATINO_fpj2re.mp3
024,Sentimiento_Musical_Multilingue,Tempus Te Mecum LATINO V2,con_letra_o_voz,01-FONOGRAMAS/Sentimiento_Musical_Multilingue/024-Tempus_Te_Mecum_LATINO_V2.mp3,02-LETRAS/Sentimiento_Musical_Multilingue/024-Tempus_Te_Mecum_LATINO_V2.txt,https://res.cloudinary.com/dgkruw6n7/video/upload/v1776139882/Tempus_Te_Mecum_LATINO_V2_owhwvc.mp3
025,Sentimiento_Musical_Multilingue,TearsofAcceptance,con_letra_o_voz,01-FONOGRAMAS/Sentimiento_Musical_Multilingue/025-TearsofAcceptance.mp3,02-LETRAS/Sentimiento_Musical_Multilingue/025-TearsofAcceptance.txt,https://res.cloudinary.com/dgkruw6n7/video/upload/v1776139850/TearsofAcceptance_st0zis.mp3
026,Sentimiento_Musical_Multilingue,Swahili Instrumental,instrumental,01-FONOGRAMAS/Sentimiento_Musical_Multilingue/026-Swahili_Instrumental.mp3,02-LETRAS/Sentimiento_Musical_Multilingue/026-Swahili_Instrumental.txt,https://res.cloudinary.com/dgkruw6n7/video/upload/v1776139850/Swahili_Instrumental_fiyhtq.mp3
027,Sentimiento_Musical_Multilingue,Nyumbani Kwako SWAHILI V2,con_letra_o_voz,01-FONOGRAMAS/Sentimiento_Musical_Multilingue/027-Nyumbani_Kwako_SWAHILI_V2.mp3,02-LETRAS/Sentimiento_Musical_Multilingue/027-Nyumbani_Kwako_SWAHILI_V2.txt,https://res.cloudinary.com/dgkruw6n7/video/upload/v1776139876/Nyumbani_Kwako_SWAHILI_V2_ffkvwh.mp3
028,Sentimiento_Musical_Multilingue,Nyumbani Kwako SWAHILI V1,con_letra_o_voz,01-FONOGRAMAS/Sentimiento_Musical_Multilingue/028-Nyumbani_Kwako_SWAHILI_V1.mp3,02-LETRAS/Sentimiento_Musical_Multilingue/028-Nyumbani_Kwako_SWAHILI_V1.txt,https://res.cloudinary.com/dgkruw6n7/video/upload/v1776139857/Nyumbani_Kwako_SWAHILI_V1_bphqpj.mp3
029,Sentimiento_Musical_Multilingue,Mon Refuge FRANÇAIS V2,con_letra_o_voz,01-FONOGRAMAS/Sentimiento_Musical_Multilingue/029-Mon_Refuge_FRANÇAIS_V2.mp3,02-LETRAS/Sentimiento_Musical_Multilingue/029-Mon_Refuge_FRANÇAIS_V2.txt,https://res.cloudinary.com/dgkruw6n7/video/upload/v1776139857/Mon_Refuge_FRAN%C3%87AIS_V2_jizaoc.mp3
030,Sentimiento_Musical_Multilingue,Mon Refuge FRANÇAIS V1,con_letra_o_voz,01-FONOGRAMAS/Sentimiento_Musical_Multilingue/030-Mon_Refuge_FRANÇAIS_V1.mp3,02-LETRAS/Sentimiento_Musical_Multilingue/030-Mon_Refuge_FRANÇAIS_V1.txt,https://res.cloudinary.com/dgkruw6n7/video/upload/v1776139857/Mon_Refuge_FRAN%C3%87AIS_V1_hhvlz5.mp3
031,Sentimiento_Musical_Multilingue,Mistica Ancestral Greco Latina,con_letra_o_voz,01-FONOGRAMAS/Sentimiento_Musical_Multilingue/031-Mistica_Ancestral_Greco_Latina.mp3,02-LETRAS/Sentimiento_Musical_Multilingue/031-Mistica_Ancestral_Greco_Latina.txt,https://res.cloudinary.com/dgkruw6n7/video/upload/v1776139854/Mistica_Ancestral_Greco-Latina_mgzaob.mp3
032,Sentimiento_Musical_Multilingue,Meant To Be ENGLISH Instrumental,instrumental,01-FONOGRAMAS/Sentimiento_Musical_Multilingue/032-Meant_To_Be_ENGLISH_Instrumental.mp3,02-LETRAS/Sentimiento_Musical_Multilingue/032-Meant_To_Be_ENGLISH_Instrumental.txt,https://res.cloudinary.com/dgkruw6n7/video/upload/v1776139855/Meant_To_Be_ENGLISH__Instrumental_xoqwo7.mp3
033,Sentimiento_Musical_Multilingue,Meant To Be ENGLISH V1,con_letra_o_voz,01-FONOGRAMAS/Sentimiento_Musical_Multilingue/033-Meant_To_Be_ENGLISH_V1.mp3,02-LETRAS/Sentimiento_Musical_Multilingue/033-Meant_To_Be_ENGLISH_V1.txt,https://res.cloudinary.com/dgkruw6n7/video/upload/v1776139856/Meant_To_Be_ENGLISH_V1_a1zcji.mp3
034,Sentimiento_Musical_Multilingue,Live Multilingual Medley En Vivo,con_letra_o_voz,01-FONOGRAMAS/Sentimiento_Musical_Multilingue/034-Live_Multilingual_Medley_En_Vivo.mp3,02-LETRAS/Sentimiento_Musical_Multilingue/034-Live_Multilingual_Medley_En_Vivo.txt,https://res.cloudinary.com/dgkruw6n7/video/upload/v1776139878/Live_Multilingual_Medley_En_Vivo_nmqszd.mp3
035,Sentimiento_Musical_Multilingue,Instrumental Chino Mandarín,instrumental,01-FONOGRAMAS/Sentimiento_Musical_Multilingue/035-Instrumental_Chino_Mandarín.mp3,02-LETRAS/Sentimiento_Musical_Multilingue/035-Instrumental_Chino_Mandarín.txt,https://res.cloudinary.com/dgkruw6n7/video/upload/v1776139876/Instrumental_Chino_Mandar%C3%ADn_lwz3ar.mp3
036,Sentimiento_Musical_Multilingue,EternidadenJazz ESPAÑOL,con_letra_o_voz,01-FONOGRAMAS/Sentimiento_Musical_Multilingue/036-EternidadenJazz_ESPAÑOL.mp3,02-LETRAS/Sentimiento_Musical_Multilingue/036-EternidadenJazz_ESPAÑOL.txt,https://res.cloudinary.com/dgkruw6n7/video/upload/v1776139886/EternidadenJazz_ESPA%C3%91OL_x7t9bt.mp3
037,Sentimiento_Musical_Multilingue,Casa nel Cuore ITALIANO,con_letra_o_voz,01-FONOGRAMAS/Sentimiento_Musical_Multilingue/037-Casa_nel_Cuore_ITALIANO.mp3,02-LETRAS/Sentimiento_Musical_Multilingue/037-Casa_nel_Cuore_ITALIANO.txt,https://res.cloudinary.com/dgkruw6n7/video/upload/v1776139881/Casa_nel_Cuore_ITALIANO_vmwkke.mp3
038,Sentimiento_Musical_Multilingue,Casa nel Cuore ITALIANO V1,con_letra_o_voz,01-FONOGRAMAS/Sentimiento_Musical_Multilingue/038-Casa_nel_Cuore_ITALIANO_V1.mp3,02-LETRAS/Sentimiento_Musical_Multilingue/038-Casa_nel_Cuore_ITALIANO_V1.txt,https://res.cloudinary.com/dgkruw6n7/video/upload/v1776139875/Casa_nel_Cuore_ITALIANO_V1_qjqado.mp3
039,Sentimiento_Musical_Multilingue,AwakenedVerses,con_letra_o_voz,01-FONOGRAMAS/Sentimiento_Musical_Multilingue/039-AwakenedVerses.mp3,02-LETRAS/Sentimiento_Musical_Multilingue/039-AwakenedVerses.txt,https://res.cloudinary.com/dgkruw6n7/video/upload/v1776139874/AwakenedVerses_fhveib.mp3
040,Sentimiento_Musical_Multilingue,Ascendancy,con_letra_o_voz,01-FONOGRAMAS/Sentimiento_Musical_Multilingue/040-Ascendancy.mp3,02-LETRAS/Sentimiento_Musical_Multilingue/040-Ascendancy.txt,https://res.cloudinary.com/dgkruw6n7/video/upload/v1776139880/Ascendancy_azoasx.mp3
041,Sentimiento_Musical_Multilingue,Amor Raro ruso,con_letra_o_voz,01-FONOGRAMAS/Sentimiento_Musical_Multilingue/041-Amor_Raro_ruso.mp3,02-LETRAS/Sentimiento_Musical_Multilingue/041-Amor_Raro_ruso.txt,https://res.cloudinary.com/dgkruw6n7/video/upload/v1776139853/Amor_Raro_ruso_qnbx2k.mp3
042,Sentimiento_Musical_Multilingue,Amor Raro portugues,con_letra_o_voz,01-FONOGRAMAS/Sentimiento_Musical_Multilingue/042-Amor_Raro_portugues.mp3,02-LETRAS/Sentimiento_Musical_Multilingue/042-Amor_Raro_portugues.txt,https://res.cloudinary.com/dgkruw6n7/video/upload/v1776139857/Amor_Raro_portugues_ylvv1c.mp3
043,Sentimiento_Musical_Multilingue,Amor Raro latín,con_letra_o_voz,01-FONOGRAMAS/Sentimiento_Musical_Multilingue/043-Amor_Raro_latín.mp3,02-LETRAS/Sentimiento_Musical_Multilingue/043-Amor_Raro_latín.txt,https://res.cloudinary.com/dgkruw6n7/video/upload/v1776139854/Amor_Raro_lat%C3%ADn_adpwsj.mp3
044,Sentimiento_Musical_Multilingue,Amor Raro japonés,con_letra_o_voz,01-FONOGRAMAS/Sentimiento_Musical_Multilingue/044-Amor_Raro_japonés.mp3,02-LETRAS/Sentimiento_Musical_Multilingue/044-Amor_Raro_japonés.txt,https://res.cloudinary.com/dgkruw6n7/video/upload/v1776139855/Amor_Raro_japon%C3%A9s_ujfpbp.mp3
045,Sentimiento_Musical_Multilingue,Amor Raro italiano,con_letra_o_voz,01-FONOGRAMAS/Sentimiento_Musical_Multilingue/045-Amor_Raro_italiano.mp3,02-LETRAS/Sentimiento_Musical_Multilingue/045-Amor_Raro_italiano.txt,https://res.cloudinary.com/dgkruw6n7/video/upload/v1776139853/Amor_Raro_italiano_krueiz.mp3
046,Sentimiento_Musical_Multilingue,Amor Raro ingles,con_letra_o_voz,01-FONOGRAMAS/Sentimiento_Musical_Multilingue/046-Amor_Raro_ingles.mp3,02-LETRAS/Sentimiento_Musical_Multilingue/046-Amor_Raro_ingles.txt,https://res.cloudinary.com/dgkruw6n7/video/upload/v1776139851/Amor_Raro_ingles_uue8vo.mp3
047,Sentimiento_Musical_Multilingue,Amor Raro hindú,con_letra_o_voz,01-FONOGRAMAS/Sentimiento_Musical_Multilingue/047-Amor_Raro_hindú.mp3,02-LETRAS/Sentimiento_Musical_Multilingue/047-Amor_Raro_hindú.txt,https://res.cloudinary.com/dgkruw6n7/video/upload/v1776139852/Amor_Raro_hind%C3%BA_pddbdo.mp3
048,Sentimiento_Musical_Multilingue,Amor Raro hebreo,con_letra_o_voz,01-FONOGRAMAS/Sentimiento_Musical_Multilingue/048-Amor_Raro_hebreo.mp3,02-LETRAS/Sentimiento_Musical_Multilingue/048-Amor_Raro_hebreo.txt,https://res.cloudinary.com/dgkruw6n7/video/upload/v1776139851/Amor_Raro_hebreo_qca15t.mp3
049,Sentimiento_Musical_Multilingue,Amor Raro griego,con_letra_o_voz,01-FONOGRAMAS/Sentimiento_Musical_Multilingue/049-Amor_Raro_griego.mp3,02-LETRAS/Sentimiento_Musical_Multilingue/049-Amor_Raro_griego.txt,https://res.cloudinary.com/dgkruw6n7/video/upload/v1776139852/Amor_Raro_griego_ciplbd.mp3
050,Sentimiento_Musical_Multilingue,Amor Raro frances,con_letra_o_voz,01-FONOGRAMAS/Sentimiento_Musical_Multilingue/050-Amor_Raro_frances.mp3,02-LETRAS/Sentimiento_Musical_Multilingue/050-Amor_Raro_frances.txt,https://res.cloudinary.com/dgkruw6n7/video/upload/v1776139851/Amor_Raro_frances_mfebnr.mp3
051,Sentimiento_Musical_Multilingue,Amor Raro coreano,con_letra_o_voz,01-FONOGRAMAS/Sentimiento_Musical_Multilingue/051-Amor_Raro_coreano.mp3,02-LETRAS/Sentimiento_Musical_Multilingue/051-Amor_Raro_coreano.txt,https://res.cloudinary.com/dgkruw6n7/video/upload/v1776139880/Amor_Raro_coreano_kyvaod.mp3
052,Sentimiento_Musical_Multilingue,Amor Raro chino mandarín,con_letra_o_voz,01-FONOGRAMAS/Sentimiento_Musical_Multilingue/052-Amor_Raro_chino_mandarín.mp3,02-LETRAS/Sentimiento_Musical_Multilingue/052-Amor_Raro_chino_mandarín.txt,https://res.cloudinary.com/dgkruw6n7/video/upload/v1776139879/Amor_Raro_chino_mandar%C3%ADn_q6bnil.mp3
053,Sentimiento_Musical_Multilingue,Amor Raro arameo,con_letra_o_voz,01-FONOGRAMAS/Sentimiento_Musical_Multilingue/053-Amor_Raro_arameo.mp3,02-LETRAS/Sentimiento_Musical_Multilingue/053-Amor_Raro_arameo.txt,https://res.cloudinary.com/dgkruw6n7/video/upload/v1776139880/Amor_Raro_arameo_n3fyii.mp3
054,Sentimiento_Musical_Multilingue,Amor Raro arabe,con_letra_o_voz,01-FONOGRAMAS/Sentimiento_Musical_Multilingue/054-Amor_Raro_arabe.mp3,02-LETRAS/Sentimiento_Musical_Multilingue/054-Amor_Raro_arabe.txt,https://res.cloudinary.com/dgkruw6n7/video/upload/v1776139878/Amor_Raro_arabe_hwbbtj.mp3
055,Sentimiento_Musical_Multilingue,Amor Raro Español,con_letra_o_voz,01-FONOGRAMAS/Sentimiento_Musical_Multilingue/055-Amor_Raro_Español.mp3,02-LETRAS/Sentimiento_Musical_Multilingue/055-Amor_Raro_Español.txt,https://res.cloudinary.com/dgkruw6n7/video/upload/v1776139880/Amor_Raro_Espa%C3%B1ol_hsxl50.mp3
001,Sincronia_Nexus,FiltroNexus,instrumental,01-FONOGRAMAS/Sincronia_Nexus/001-FiltroNexus.mp3,02-LETRAS/Sincronia_Nexus/001-FiltroNexus.txt,https://res.cloudinary.com/dgkruw6n7/video/upload/v1776275042/FiltroNexus_svismd.mp3
